Day,FIPS,Airport,Max Temp,Min Temp,Avg Temp,Total Precip,Avg Speed
1,US01, BIRMINGHAM INTERNATIONAL AIRPORT,88,70,79,0.18,3.8
2,US01, BIRMINGHAM INTERNATIONAL AIRPORT,88,68,78,0,2.4
3,US01, BIRMINGHAM INTERNATIONAL AIRPORT,87,69,78,0.01,2.9
4,US01, BIRMINGHAM INTERNATIONAL AIRPORT,88,72,80,0.61,4.3
5,US01, BIRMINGHAM INTERNATIONAL AIRPORT,87,71,79,0,2.2
6,US01, BIRMINGHAM INTERNATIONAL AIRPORT,90,74,82,0.38,2.2
7,US01, BIRMINGHAM INTERNATIONAL AIRPORT,89,73,81,0.04,3.5
8,US01, BIRMINGHAM INTERNATIONAL AIRPORT,87,72,80,1.65,2.7
9,US01, BIRMINGHAM INTERNATIONAL AIRPORT,90,73,82,0,4.4
10,US01, BIRMINGHAM INTERNATIONAL AIRPORT,88,74,81,0.01,4
11,US01, BIRMINGHAM INTERNATIONAL AIRPORT,90,74,82,0.03,4.1
12,US01, BIRMINGHAM INTERNATIONAL AIRPORT,91,74,83,0.64,5.3
13,US01, BIRMINGHAM INTERNATIONAL AIRPORT,88,73,81,0.06,5.6
14,US01, BIRMINGHAM INTERNATIONAL AIRPORT,82,68,75,0.16,4.4
15,US01, BIRMINGHAM INTERNATIONAL AIRPORT,79,64,72,0,5.3
16,US01, BIRMINGHAM INTERNATIONAL AIRPORT,73,67,70,0,5.8
17,US01, BIRMINGHAM INTERNATIONAL AIRPORT,70,67,69,0,5.2
18,US01, BIRMINGHAM INTERNATIONAL AIRPORT,75,67,71,0.47,5
19,US01, BIRMINGHAM INTERNATIONAL AIRPORT,85,70,78,0.01,3.5
20,US01, BIRMINGHAM INTERNATIONAL AIRPORT,86,73,80,0.01,3.5
21,US01, BIRMINGHAM INTERNATIONAL AIRPORT,89,73,81,0,2.1
22,US01, BIRMINGHAM INTERNATIONAL AIRPORT,88,72,80,0.01,1.9
23,US01, BIRMINGHAM INTERNATIONAL AIRPORT,90,71,81,0.03,2
24,US01, BIRMINGHAM INTERNATIONAL AIRPORT,88,71,80,0.03,5.4
25,US01, BIRMINGHAM INTERNATIONAL AIRPORT,85,71,78,0,6.1
26,US01, BIRMINGHAM INTERNATIONAL AIRPORT,84,65,75,0,4.5
27,US01, BIRMINGHAM INTERNATIONAL AIRPORT,87,63,75,0,2
28,US01, BIRMINGHAM INTERNATIONAL AIRPORT,89,66,78,0,2.5
29,US01, BIRMINGHAM INTERNATIONAL AIRPORT,91,70,81,0,3.2
30,US01, BIRMINGHAM INTERNATIONAL AIRPORT,94,72,83,0,2.8
31,US01, BIRMINGHAM INTERNATIONAL AIRPORT,95,74,85,0,3.2
1,US02,TED STEVENS ANCHORAGE INTL AIRPORT,70,53,62,0,4.7
2,US02,TED STEVENS ANCHORAGE INTL AIRPORT,72,57,65,0.01,12.9
3,US02,TED STEVENS ANCHORAGE INTL AIRPORT,67,55,61,0.01,15.7
4,US02,TED STEVENS ANCHORAGE INTL AIRPORT,67,56,62,0.01,11.2
5,US02,TED STEVENS ANCHORAGE INTL AIRPORT,67,55,61,0.01,8.8
6,US02,TED STEVENS ANCHORAGE INTL AIRPORT,66,55,61,0.02,7.7
7,US02,TED STEVENS ANCHORAGE INTL AIRPORT,63,55,59,0.17,1.2
8,US02,TED STEVENS ANCHORAGE INTL AIRPORT,68,55,62,0.07,7.9
9,US02,TED STEVENS ANCHORAGE INTL AIRPORT,58,52,55,0.62,5.5
10,US02,TED STEVENS ANCHORAGE INTL AIRPORT,63,53,58,0.1,2.5
11,US02,TED STEVENS ANCHORAGE INTL AIRPORT,58,53,56,1.08,4
12,US02,TED STEVENS ANCHORAGE INTL AIRPORT,68,55,62,0.33,3.6
13,US02,TED STEVENS ANCHORAGE INTL AIRPORT,71,55,63,0,4.8
14,US02,TED STEVENS ANCHORAGE INTL AIRPORT,63,53,58,0.01,4.3
15,US02,TED STEVENS ANCHORAGE INTL AIRPORT,66,49,58,0,3.3
16,US02,TED STEVENS ANCHORAGE INTL AIRPORT,60,52,56,0.13,2.3
17,US02,TED STEVENS ANCHORAGE INTL AIRPORT,67,55,61,0.23,5.4
18,US02,TED STEVENS ANCHORAGE INTL AIRPORT,61,56,59,0.26,7.7
19,US02,TED STEVENS ANCHORAGE INTL AIRPORT,59,55,57,0.5,13.3
20,US02,TED STEVENS ANCHORAGE INTL AIRPORT,62,55,59,0.05,10.4
21,US02,TED STEVENS ANCHORAGE INTL AIRPORT,58,53,56,0.34,8.9
22,US02,TED STEVENS ANCHORAGE INTL AIRPORT,56,52,54,0.44,4.5
23,US02,TED STEVENS ANCHORAGE INTL AIRPORT,67,53,60,0.08,6
24,US02,TED STEVENS ANCHORAGE INTL AIRPORT,70,50,60,0,5.7
25,US02,TED STEVENS ANCHORAGE INTL AIRPORT,66,42,54,0,3.1
26,US02,TED STEVENS ANCHORAGE INTL AIRPORT,67,46,57,0,2.8
27,US02,TED STEVENS ANCHORAGE INTL AIRPORT,63,51,57,0.03,2.6
28,US02,TED STEVENS ANCHORAGE INTL AIRPORT,62,53,58,0.35,6.4
29,US02,TED STEVENS ANCHORAGE INTL AIRPORT,57,51,54,0.21,4.9
30,US02,TED STEVENS ANCHORAGE INTL AIRPORT,60,52,56,0.01,2.2
31,US02,TED STEVENS ANCHORAGE INTL AIRPORT,59,53,56,0.06,5.2
1,US04,PHOENIX SKY HARBOR INTL AIRPORT,106,91,99,0,10.2
2,US04,PHOENIX SKY HARBOR INTL AIRPORT,107,88,98,0,8.4
3,US04,PHOENIX SKY HARBOR INTL AIRPORT,109,86,98,0,5.9
4,US04,PHOENIX SKY HARBOR INTL AIRPORT,106,90,98,0,5.6
5,US04,PHOENIX SKY HARBOR INTL AIRPORT,101,86,94,0.01,7.6
6,US04,PHOENIX SKY HARBOR INTL AIRPORT,92,76,84,0.01,7.3
7,US04,PHOENIX SKY HARBOR INTL AIRPORT,102,79,91,0,6.5
8,US04,PHOENIX SKY HARBOR INTL AIRPORT,107,79,93,0,6.4
9,US04,PHOENIX SKY HARBOR INTL AIRPORT,109,79,94,0,8.1
10,US04,PHOENIX SKY HARBOR INTL AIRPORT,106,83,95,0,7.2
11,US04,PHOENIX SKY HARBOR INTL AIRPORT,107,79,93,0,5.6
12,US04,PHOENIX SKY HARBOR INTL AIRPORT,111,84,98,0,7.1
13,US04,PHOENIX SKY HARBOR INTL AIRPORT,107,82,95,0,6.2
14,US04,PHOENIX SKY HARBOR INTL AIRPORT,109,86,98,0,6.6
15,US04,PHOENIX SKY HARBOR INTL AIRPORT,110,89,100,0,6.6
16,US04,PHOENIX SKY HARBOR INTL AIRPORT,113,91,102,0,7
17,US04,PHOENIX SKY HARBOR INTL AIRPORT,114,88,101,0.01,7.4
18,US04,PHOENIX SKY HARBOR INTL AIRPORT,111,86,99,0,7.8
19,US04,PHOENIX SKY HARBOR INTL AIRPORT,110,91,101,0,6.4
20,US04,PHOENIX SKY HARBOR INTL AIRPORT,111,88,100,0.01,8.1
21,US04,PHOENIX SKY HARBOR INTL AIRPORT,100,90,95,0.01,5.4
22,US04,PHOENIX SKY HARBOR INTL AIRPORT,106,88,97,0,7.2
23,US04,PHOENIX SKY HARBOR INTL AIRPORT,103,85,94,0.01,6.5
24,US04,PHOENIX SKY HARBOR INTL AIRPORT,101,81,91,0.01,9.1
25,US04,PHOENIX SKY HARBOR INTL AIRPORT,89,80,85,0.01,8.5
26,US04,PHOENIX SKY HARBOR INTL AIRPORT,100,77,89,0.34,7.4
27,US04,PHOENIX SKY HARBOR INTL AIRPORT,107,80,94,0,6.4
28,US04,PHOENIX SKY HARBOR INTL AIRPORT,107,83,95,0,10.8
29,US04,PHOENIX SKY HARBOR INTL AIRPORT,100,81,91,0,6.5
30,US04,PHOENIX SKY HARBOR INTL AIRPORT,101,81,91,0.01,5.9
31,US04,PHOENIX SKY HARBOR INTL AIRPORT,101,81,91,0.01,4.6
1,US05,ADAMS FIELD AIRPORT,92,73,83,0,5.6
2,US05,ADAMS FIELD AIRPORT,91,70,81,0,4.6
3,US05,ADAMS FIELD AIRPORT,91,75,83,0.01,6.2
4,US05,ADAMS FIELD AIRPORT,91,73,82,0.41,4.9
5,US05,ADAMS FIELD AIRPORT,95,76,86,0.08,3.7
6,US05,ADAMS FIELD AIRPORT,95,76,86,0,5.7
7,US05,ADAMS FIELD AIRPORT,94,77,86,0,6.1
8,US05,ADAMS FIELD AIRPORT,96,75,86,0.01,5.3
9,US05,ADAMS FIELD AIRPORT,93,73,83,0,4.9
10,US05,ADAMS FIELD AIRPORT,90,72,81,1.37,7.4
11,US05,ADAMS FIELD AIRPORT,94,73,84,0,3.6
12,US05,ADAMS FIELD AIRPORT,94,74,84,1.48,6.8
13,US05,ADAMS FIELD AIRPORT,87,73,80,0.22,4
14,US05,ADAMS FIELD AIRPORT,82,64,73,0,10.8
15,US05,ADAMS FIELD AIRPORT,81,61,71,0,5.7
16,US05,ADAMS FIELD AIRPORT,75,60,68,0.01,6.1
17,US05,ADAMS FIELD AIRPORT,84,66,75,0,6.7
18,US05,ADAMS FIELD AIRPORT,82,66,74,0,5.8
19,US05,ADAMS FIELD AIRPORT,87,66,77,0,2.6
20,US05,ADAMS FIELD AIRPORT,90,69,80,0,1.9
21,US05,ADAMS FIELD AIRPORT,94,70,82,0,2.8
22,US05,ADAMS FIELD AIRPORT,94,73,84,0,2.8
23,US05,ADAMS FIELD AIRPORT,93,73,83,0,3.9
24,US05,ADAMS FIELD AIRPORT,93,74,84,0,4.7
25,US05,ADAMS FIELD AIRPORT,92,74,83,0,5
26,US05,ADAMS FIELD AIRPORT,92,72,82,0,2.8
27,US05,ADAMS FIELD AIRPORT,92,70,81,0,3.5
28,US05,ADAMS FIELD AIRPORT,94,72,83,0,3.8
29,US05,ADAMS FIELD AIRPORT,97,73,85,0,4.5
30,US05,ADAMS FIELD AIRPORT,98,74,86,0,5.1
31,US05,ADAMS FIELD AIRPORT,99,76,88,0,5.1
1,US06,LOS ANGELES INTERNATIONAL AIRPORT,70,62,66,0.01,6.4
2,US06,LOS ANGELES INTERNATIONAL AIRPORT,73,63,68,0,7
3,US06,LOS ANGELES INTERNATIONAL AIRPORT,74,63,69,0,7.1
4,US06,LOS ANGELES INTERNATIONAL AIRPORT,71,61,66,0,7.5
5,US06,LOS ANGELES INTERNATIONAL AIRPORT,72,61,67,0,7.3
6,US06,LOS ANGELES INTERNATIONAL AIRPORT,71,62,67,0,8.2
7,US06,LOS ANGELES INTERNATIONAL AIRPORT,71,62,67,0,7.2
8,US06,LOS ANGELES INTERNATIONAL AIRPORT,71,62,67,0,9
9,US06,LOS ANGELES INTERNATIONAL AIRPORT,71,62,67,0,8
10,US06,LOS ANGELES INTERNATIONAL AIRPORT,72,62,67,0,7.5
11,US06,LOS ANGELES INTERNATIONAL AIRPORT,72,63,68,0,7
12,US06,LOS ANGELES INTERNATIONAL AIRPORT,73,62,68,0,6.8
13,US06,LOS ANGELES INTERNATIONAL AIRPORT,73,62,68,0,7.1
14,US06,LOS ANGELES INTERNATIONAL AIRPORT,73,64,69,0,5.8
15,US06,LOS ANGELES INTERNATIONAL AIRPORT,73,64,69,0,6.2
16,US06,LOS ANGELES INTERNATIONAL AIRPORT,73,63,68,0,7.3
17,US06,LOS ANGELES INTERNATIONAL AIRPORT,71,62,67,0,7.8
18,US06,LOS ANGELES INTERNATIONAL AIRPORT,72,62,67,0,5.5
19,US06,LOS ANGELES INTERNATIONAL AIRPORT,73,64,69,0,6.3
20,US06,LOS ANGELES INTERNATIONAL AIRPORT,71,62,67,0,8.8
21,US06,LOS ANGELES INTERNATIONAL AIRPORT,73,63,68,0,9.3
22,US06,LOS ANGELES INTERNATIONAL AIRPORT,77,64,71,0,7.4
23,US06,LOS ANGELES INTERNATIONAL AIRPORT,77,62,70,0,6.5
24,US06,LOS ANGELES INTERNATIONAL AIRPORT,69,60,65,0,7
25,US06,LOS ANGELES INTERNATIONAL AIRPORT,70,57,64,0,6.6
26,US06,LOS ANGELES INTERNATIONAL AIRPORT,78,62,70,0,7
27,US06,LOS ANGELES INTERNATIONAL AIRPORT,76,65,71,0,6.3
28,US06,LOS ANGELES INTERNATIONAL AIRPORT,79,65,72,0,7
29,US06,LOS ANGELES INTERNATIONAL AIRPORT,83,66,75,0,5.9
30,US06,LOS ANGELES INTERNATIONAL AIRPORT,92,72,82,0,5.8
31,US06,LOS ANGELES INTERNATIONAL AIRPORT,84,71,78,0,7.4
1,US08,DENVER INTERNATIONAL AIRPORT,95,62,79,0,11
2,US08,DENVER INTERNATIONAL AIRPORT,94,60,77,0,8.7
3,US08,DENVER INTERNATIONAL AIRPORT,93,60,77,0.66,12
4,US08,DENVER INTERNATIONAL AIRPORT,89,58,74,0.01,10.7
5,US08,DENVER INTERNATIONAL AIRPORT,88,63,76,0,8.8
6,US08,DENVER INTERNATIONAL AIRPORT,89,62,76,0,10.9
7,US08,DENVER INTERNATIONAL AIRPORT,73,57,65,0.01,10.5
8,US08,DENVER INTERNATIONAL AIRPORT,78,53,66,0.01,7.1
9,US08,DENVER INTERNATIONAL AIRPORT,81,52,67,0.02,9.7
10,US08,DENVER INTERNATIONAL AIRPORT,88,53,71,0.01,9.5
11,US08,DENVER INTERNATIONAL AIRPORT,83,58,71,0.01,6.4
12,US08,DENVER INTERNATIONAL AIRPORT,84,53,69,0.02,10.6
13,US08,DENVER INTERNATIONAL AIRPORT,82,54,68,0,7.2
14,US08,DENVER INTERNATIONAL AIRPORT,85,55,70,0.01,7.3
15,US08,DENVER INTERNATIONAL AIRPORT,88,53,71,0,8
16,US08,DENVER INTERNATIONAL AIRPORT,92,55,74,0,7.8
17,US08,DENVER INTERNATIONAL AIRPORT,97,60,79,0,9.4
18,US08,DENVER INTERNATIONAL AIRPORT,98,63,81,0,10.2
19,US08,DENVER INTERNATIONAL AIRPORT,95,61,78,0,10.6
20,US08,DENVER INTERNATIONAL AIRPORT,99,70,85,0,11.4
21,US08,DENVER INTERNATIONAL AIRPORT,92,66,79,0.07,8.6
22,US08,DENVER INTERNATIONAL AIRPORT,85,58,72,1.94,6.9
23,US08,DENVER INTERNATIONAL AIRPORT,89,62,76,0,8.4
24,US08,DENVER INTERNATIONAL AIRPORT,88,59,74,0.01,7.7
25,US08,DENVER INTERNATIONAL AIRPORT,90,61,76,0.06,7.2
26,US08,DENVER INTERNATIONAL AIRPORT,92,59,76,0,6.8
27,US08,DENVER INTERNATIONAL AIRPORT,92,65,79,0,7.1
28,US08,DENVER INTERNATIONAL AIRPORT,93,64,79,0,6.4
29,US08,DENVER INTERNATIONAL AIRPORT,95,65,80,0,7.4
30,US08,DENVER INTERNATIONAL AIRPORT,90,70,80,0.01,7.9
31,US08,DENVER INTERNATIONAL AIRPORT,93,62,78,0,10
1,US09,BRADLEY INTERNATIONAL AIRPORT,81,59,70,0.52,5.5
2,US09,BRADLEY INTERNATIONAL AIRPORT,84,64,74,0.38,5.5
3,US09,BRADLEY INTERNATIONAL AIRPORT,81,63,72,0.22,6.3
4,US09,BRADLEY INTERNATIONAL AIRPORT,80,56,68,0.13,5.3
5,US09,BRADLEY INTERNATIONAL AIRPORT,77,53,65,0,6.4
6,US09,BRADLEY INTERNATIONAL AIRPORT,81,51,66,0,4.7
7,US09,BRADLEY INTERNATIONAL AIRPORT,80,56,68,0.01,7.2
8,US09,BRADLEY INTERNATIONAL AIRPORT,85,69,77,0.02,9.8
9,US09,BRADLEY INTERNATIONAL AIRPORT,80,72,76,3.79,8.7
10,US09,BRADLEY INTERNATIONAL AIRPORT,84,61,73,0,7.9
11,US09,BRADLEY INTERNATIONAL AIRPORT,81,53,67,0,3.5
12,US09,BRADLEY INTERNATIONAL AIRPORT,83,61,72,0,3.6
13,US09,BRADLEY INTERNATIONAL AIRPORT,76,65,71,0.25,6.5
14,US09,BRADLEY INTERNATIONAL AIRPORT,75,55,65,0,9.9
15,US09,BRADLEY INTERNATIONAL AIRPORT,78,54,66,0,5.7
16,US09,BRADLEY INTERNATIONAL AIRPORT,79,52,66,0,1.4
17,US09,BRADLEY INTERNATIONAL AIRPORT,83,55,69,0,2.1
18,US09,BRADLEY INTERNATIONAL AIRPORT,78,59,69,0.01,3.1
19,US09,BRADLEY INTERNATIONAL AIRPORT,80,60,70,0,4.6
20,US09,BRADLEY INTERNATIONAL AIRPORT,87,59,73,0,3.8
21,US09,BRADLEY INTERNATIONAL AIRPORT,88,60,74,0,4
22,US09,BRADLEY INTERNATIONAL AIRPORT,83,63,73,0.08,6.3
23,US09,BRADLEY INTERNATIONAL AIRPORT,82,61,72,0,7.3
24,US09,BRADLEY INTERNATIONAL AIRPORT,78,53,66,0,5.1
25,US09,BRADLEY INTERNATIONAL AIRPORT,83,51,67,0,4
26,US09,BRADLEY INTERNATIONAL AIRPORT,77,66,72,0.9,6.8
27,US09,BRADLEY INTERNATIONAL AIRPORT,86,69,78,0.36,4.7
28,US09,BRADLEY INTERNATIONAL AIRPORT,87,65,76,0,3.8
29,US09,BRADLEY INTERNATIONAL AIRPORT,77,66,72,0.01,6.5
30,US09,BRADLEY INTERNATIONAL AIRPORT,85,64,75,0,6.5
31,US09,BRADLEY INTERNATIONAL AIRPORT,79,71,75,0.22,7.6
1,US10,NEW CASTLE COUNTY AIRPORT,77,69,73,1.17,6.9
2,US10,NEW CASTLE COUNTY AIRPORT,84,66,75,0,6
3,US10,NEW CASTLE COUNTY AIRPORT,79,66,73,0.01,5.5
4,US10,NEW CASTLE COUNTY AIRPORT,80,62,71,0,9.3
5,US10,NEW CASTLE COUNTY AIRPORT,79,59,69,0,5.2
6,US10,NEW CASTLE COUNTY AIRPORT,73,60,67,0.13,5.7
7,US10,NEW CASTLE COUNTY AIRPORT,77,68,73,0.05,9.6
8,US10,NEW CASTLE COUNTY AIRPORT,87,70,79,0.12,8.2
9,US10,NEW CASTLE COUNTY AIRPORT,87,76,82,0.01,8.2
10,US10,NEW CASTLE COUNTY AIRPORT,84,70,77,0.01,6.1
11,US10,NEW CASTLE COUNTY AIRPORT,83,65,74,0,7.1
12,US10,NEW CASTLE COUNTY AIRPORT,87,71,79,0.01,1.6
13,US10,NEW CASTLE COUNTY AIRPORT,83,69,76,3.1,7.1
14,US10,NEW CASTLE COUNTY AIRPORT,75,58,67,0,10.9
15,US10,NEW CASTLE COUNTY AIRPORT,78,53,66,0,4.8
16,US10,NEW CASTLE COUNTY AIRPORT,79,57,68,0,3.3
17,US10,NEW CASTLE COUNTY AIRPORT,80,59,70,0,5
18,US10,NEW CASTLE COUNTY AIRPORT,77,65,71,0.03,6.2
19,US10,NEW CASTLE COUNTY AIRPORT,77,63,70,0.01,4
20,US10,NEW CASTLE COUNTY AIRPORT,86,64,75,0,3.6
21,US10,NEW CASTLE COUNTY AIRPORT,87,69,78,0,4.8
22,US10,NEW CASTLE COUNTY AIRPORT,86,71,79,0.08,5
23,US10,NEW CASTLE COUNTY AIRPORT,79,64,72,0.01,6.5
24,US10,NEW CASTLE COUNTY AIRPORT,81,62,72,0,6.3
25,US10,NEW CASTLE COUNTY AIRPORT,79,56,68,0,6.1
26,US10,NEW CASTLE COUNTY AIRPORT,85,61,73,0,6
27,US10,NEW CASTLE COUNTY AIRPORT,90,70,80,0.06,5.8
28,US10,NEW CASTLE COUNTY AIRPORT,79,71,75,0.32,4
29,US10,NEW CASTLE COUNTY AIRPORT,83,70,77,0,7.7
30,US10,NEW CASTLE COUNTY AIRPORT,84,68,76,0.16,6.1
31,US10,NEW CASTLE COUNTY AIRPORT,88,71,80,0,7.9
1,US12,ORLANDO INTERNATIONAL AIRPORT,92,75,84,0.01,4
2,US12,ORLANDO INTERNATIONAL AIRPORT,93,74,84,0,4.3
3,US12,ORLANDO INTERNATIONAL AIRPORT,92,75,84,0.02,6.3
4,US12,ORLANDO INTERNATIONAL AIRPORT,91,75,83,0.08,5.9
5,US12,ORLANDO INTERNATIONAL AIRPORT,94,75,85,0.02,5.8
6,US12,ORLANDO INTERNATIONAL AIRPORT,93,74,84,0,3.3
7,US12,ORLANDO INTERNATIONAL AIRPORT,92,78,85,0,6.5
8,US12,ORLANDO INTERNATIONAL AIRPORT,91,77,84,0.06,8
9,US12,ORLANDO INTERNATIONAL AIRPORT,93,76,85,0.05,6.2
10,US12,ORLANDO INTERNATIONAL AIRPORT,94,74,84,0,5.8
11,US12,ORLANDO INTERNATIONAL AIRPORT,95,74,85,0,4.5
12,US12,ORLANDO INTERNATIONAL AIRPORT,95,74,85,0,3.8
13,US12,ORLANDO INTERNATIONAL AIRPORT,94,73,84,0,4.1
14,US12,ORLANDO INTERNATIONAL AIRPORT,93,75,84,0.05,3.9
15,US12,ORLANDO INTERNATIONAL AIRPORT,93,74,84,0,4.2
16,US12,ORLANDO INTERNATIONAL AIRPORT,93,74,84,0.45,5.1
17,US12,ORLANDO INTERNATIONAL AIRPORT,93,77,85,0.3,6.3
18,US12,ORLANDO INTERNATIONAL AIRPORT,91,76,84,0.01,7
19,US12,ORLANDO INTERNATIONAL AIRPORT,91,75,83,0.61,4.8
20,US12,ORLANDO INTERNATIONAL AIRPORT,93,75,84,0,7.3
21,US12,ORLANDO INTERNATIONAL AIRPORT,93,78,86,0.05,9.3
22,US12,ORLANDO INTERNATIONAL AIRPORT,88,77,83,0.01,6.5
23,US12,ORLANDO INTERNATIONAL AIRPORT,91,77,84,0.01,5.8
24,US12,ORLANDO INTERNATIONAL AIRPORT,94,74,84,2.96,2.7
25,US12,ORLANDO INTERNATIONAL AIRPORT,86,75,81,0.01,7.1
26,US12,ORLANDO INTERNATIONAL AIRPORT,89,75,82,0.45,7.5
27,US12,ORLANDO INTERNATIONAL AIRPORT,89,71,80,0.01,7.9
28,US12,ORLANDO INTERNATIONAL AIRPORT,91,70,81,0,4.1
29,US12,ORLANDO INTERNATIONAL AIRPORT,92,73,83,0,3.6
30,US12,ORLANDO INTERNATIONAL AIRPORT,93,74,84,0,4
31,US12,ORLANDO INTERNATIONAL AIRPORT,93,74,84,0.94,5.6
1,US13,HARTSFIELD-JACKSON ATLANTA INTL,87,71,79,0.01,6.6
2,US13,HARTSFIELD-JACKSON ATLANTA INTL,89,69,79,0,4.8
3,US13,HARTSFIELD-JACKSON ATLANTA INTL,88,70,79,0,4.7
4,US13,HARTSFIELD-JACKSON ATLANTA INTL,90,73,82,0,9.6
5,US13,HARTSFIELD-JACKSON ATLANTA INTL,88,71,80,0,5.2
6,US13,HARTSFIELD-JACKSON ATLANTA INTL,88,74,81,0,3.5
7,US13,HARTSFIELD-JACKSON ATLANTA INTL,86,73,80,2.66,5.9
8,US13,HARTSFIELD-JACKSON ATLANTA INTL,83,74,79,0.08,3.7
9,US13,HARTSFIELD-JACKSON ATLANTA INTL,89,74,82,0,4.6
10,US13,HARTSFIELD-JACKSON ATLANTA INTL,90,74,82,0.01,3.6
11,US13,HARTSFIELD-JACKSON ATLANTA INTL,90,72,81,0,4.9
12,US13,HARTSFIELD-JACKSON ATLANTA INTL,90,72,81,0.03,5.6
13,US13,HARTSFIELD-JACKSON ATLANTA INTL,89,72,81,0.01,7.7
14,US13,HARTSFIELD-JACKSON ATLANTA INTL,83,70,77,0.19,6
15,US13,HARTSFIELD-JACKSON ATLANTA INTL,73,66,70,0.01,14.4
16,US13,HARTSFIELD-JACKSON ATLANTA INTL,67,63,65,0.21,13.1
17,US13,HARTSFIELD-JACKSON ATLANTA INTL,66,61,64,0.13,10.4
18,US13,HARTSFIELD-JACKSON ATLANTA INTL,77,66,72,1.32,6.7
19,US13,HARTSFIELD-JACKSON ATLANTA INTL,82,71,77,0.16,6.7
20,US13,HARTSFIELD-JACKSON ATLANTA INTL,84,72,78,0.01,7.8
21,US13,HARTSFIELD-JACKSON ATLANTA INTL,84,69,77,0.45,5.2
22,US13,HARTSFIELD-JACKSON ATLANTA INTL,88,71,80,0,2.8
23,US13,HARTSFIELD-JACKSON ATLANTA INTL,90,71,81,0.01,5.1
24,US13,HARTSFIELD-JACKSON ATLANTA INTL,84,70,77,0.01,9.8
25,US13,HARTSFIELD-JACKSON ATLANTA INTL,82,66,74,0,9.2
26,US13,HARTSFIELD-JACKSON ATLANTA INTL,82,62,72,0,4.7
27,US13,HARTSFIELD-JACKSON ATLANTA INTL,86,65,76,0,4.6
28,US13,HARTSFIELD-JACKSON ATLANTA INTL,90,68,79,0,6.5
29,US13,HARTSFIELD-JACKSON ATLANTA INTL,92,72,82,0,9.5
30,US13,HARTSFIELD-JACKSON ATLANTA INTL,87,75,81,0,6.8
31,US13,HARTSFIELD-JACKSON ATLANTA INTL,90,72,81,0.01,3.3
1,US15,HONOLULU INTERNATIONAL AIRPORT,87,74,81,0.01,15
2,US15,HONOLULU INTERNATIONAL AIRPORT,88,74,81,0.01,12.5
3,US15,HONOLULU INTERNATIONAL AIRPORT,87,75,81,0.01,12.7
4,US15,HONOLULU INTERNATIONAL AIRPORT,88,73,81,0.01,11.5
5,US15,HONOLULU INTERNATIONAL AIRPORT,87,73,80,0,12
6,US15,HONOLULU INTERNATIONAL AIRPORT,88,76,82,0.01,11.8
7,US15,HONOLULU INTERNATIONAL AIRPORT,88,73,81,0,10
8,US15,HONOLULU INTERNATIONAL AIRPORT,88,75,82,0,10.6
9,US15,HONOLULU INTERNATIONAL AIRPORT,88,72,80,0.02,9.7
10,US15,HONOLULU INTERNATIONAL AIRPORT,85,73,79,0.01,11.4
11,US15,HONOLULU INTERNATIONAL AIRPORT,88,77,83,0.01,14.7
12,US15,HONOLULU INTERNATIONAL AIRPORT,88,76,82,0.01,12.8
13,US15,HONOLULU INTERNATIONAL AIRPORT,86,75,81,0.02,12.3
14,US15,HONOLULU INTERNATIONAL AIRPORT,89,74,82,0,14.7
15,US15,HONOLULU INTERNATIONAL AIRPORT,87,75,81,0.01,15.1
16,US15,HONOLULU INTERNATIONAL AIRPORT,90,74,82,0.01,14.3
17,US15,HONOLULU INTERNATIONAL AIRPORT,89,77,83,0.01,16
18,US15,HONOLULU INTERNATIONAL AIRPORT,89,76,83,0,11.2
19,US15,HONOLULU INTERNATIONAL AIRPORT,88,73,81,0,7.2
20,US15,HONOLULU INTERNATIONAL AIRPORT,88,72,80,0.01,6.3
21,US15,HONOLULU INTERNATIONAL AIRPORT,87,75,81,0,5.8
22,US15,HONOLULU INTERNATIONAL AIRPORT,89,74,82,0,8.5
23,US15,HONOLULU INTERNATIONAL AIRPORT,88,74,81,0.01,9.2
24,US15,HONOLULU INTERNATIONAL AIRPORT,88,76,82,0.01,12.9
25,US15,HONOLULU INTERNATIONAL AIRPORT,88,76,82,0,14.1
26,US15,HONOLULU INTERNATIONAL AIRPORT,88,77,83,0,15.4
27,US15,HONOLULU INTERNATIONAL AIRPORT,89,76,83,0.01,11.7
28,US15,HONOLULU INTERNATIONAL AIRPORT,86,73,80,0.01,7.1
29,US15,HONOLULU INTERNATIONAL AIRPORT,89,72,81,0.04,9.1
30,US15,HONOLULU INTERNATIONAL AIRPORT,89,73,81,0.01,8.9
31,US15,HONOLULU INTERNATIONAL AIRPORT,88,74,81,0,12.2
1,US16,BOISE AIR TERMINAL/GOWEN FD AIRPORT,90,63,77,0,9.9
2,US16,BOISE AIR TERMINAL/GOWEN FD AIRPORT,83,54,69,0,5.2
3,US16,BOISE AIR TERMINAL/GOWEN FD AIRPORT,89,54,72,0,6.2
4,US16,BOISE AIR TERMINAL/GOWEN FD AIRPORT,95,57,76,0,5.3
5,US16,BOISE AIR TERMINAL/GOWEN FD AIRPORT,97,62,80,0,6.1
6,US16,BOISE AIR TERMINAL/GOWEN FD AIRPORT,95,62,79,0,5.7
7,US16,BOISE AIR TERMINAL/GOWEN FD AIRPORT,99,65,82,0,8.3
8,US16,BOISE AIR TERMINAL/GOWEN FD AIRPORT,94,67,81,0.01,8
9,US16,BOISE AIR TERMINAL/GOWEN FD AIRPORT,97,64,81,0,6.9
10,US16,BOISE AIR TERMINAL/GOWEN FD AIRPORT,93,62,78,0,4.6
11,US16,BOISE AIR TERMINAL/GOWEN FD AIRPORT,90,68,79,0,7
12,US16,BOISE AIR TERMINAL/GOWEN FD AIRPORT,88,63,76,0,5.5
13,US16,BOISE AIR TERMINAL/GOWEN FD AIRPORT,95,64,80,0.01,5.6
14,US16,BOISE AIR TERMINAL/GOWEN FD AIRPORT,100,68,84,0,5.3
15,US16,BOISE AIR TERMINAL/GOWEN FD AIRPORT,99,61,80,0,5.8
16,US16,BOISE AIR TERMINAL/GOWEN FD AIRPORT,97,62,80,0,5.1
17,US16,BOISE AIR TERMINAL/GOWEN FD AIRPORT,96,62,79,0,4.8
18,US16,BOISE AIR TERMINAL/GOWEN FD AIRPORT,97,62,80,0,5.4
19,US16,BOISE AIR TERMINAL/GOWEN FD AIRPORT,96,63,80,0,4.2
20,US16,BOISE AIR TERMINAL/GOWEN FD AIRPORT,96,60,78,0,6.2
21,US16,BOISE AIR TERMINAL/GOWEN FD AIRPORT,92,62,77,0,4.1
22,US16,BOISE AIR TERMINAL/GOWEN FD AIRPORT,95,65,80,0.42,7.7
23,US16,BOISE AIR TERMINAL/GOWEN FD AIRPORT,86,62,74,0.02,5.5
24,US16,BOISE AIR TERMINAL/GOWEN FD AIRPORT,93,62,78,0.01,7.2
25,US16,BOISE AIR TERMINAL/GOWEN FD AIRPORT,93,61,77,0.01,7.5
26,US16,BOISE AIR TERMINAL/GOWEN FD AIRPORT,91,61,76,0,4.4
27,US16,BOISE AIR TERMINAL/GOWEN FD AIRPORT,92,63,78,0,5.6
28,US16,BOISE AIR TERMINAL/GOWEN FD AIRPORT,95,74,85,0.01,7.5
29,US16,BOISE AIR TERMINAL/GOWEN FD AIRPORT,96,72,84,0.01,7
30,US16,BOISE AIR TERMINAL/GOWEN FD AIRPORT,90,61,76,0,4.5
31,US16,BOISE AIR TERMINAL/GOWEN FD AIRPORT,95,59,77,0,5
1,US17,CHICAGO O'HARE INTERNATIONAL AIRPORT,81,61,71,0,7.8
2,US17,CHICAGO O'HARE INTERNATIONAL AIRPORT,84,62,73,0.63,8.2
3,US17,CHICAGO O'HARE INTERNATIONAL AIRPORT,81,64,73,0,6.8
4,US17,CHICAGO O'HARE INTERNATIONAL AIRPORT,75,60,68,0.01,7.8
5,US17,CHICAGO O'HARE INTERNATIONAL AIRPORT,75,58,67,0.07,7.6
6,US17,CHICAGO O'HARE INTERNATIONAL AIRPORT,83,67,75,0.04,8
7,US17,CHICAGO O'HARE INTERNATIONAL AIRPORT,89,67,78,0.01,9.9
8,US17,CHICAGO O'HARE INTERNATIONAL AIRPORT,78,65,72,0,9.3
9,US17,CHICAGO O'HARE INTERNATIONAL AIRPORT,82,59,71,0.01,5.3
10,US17,CHICAGO O'HARE INTERNATIONAL AIRPORT,81,64,73,0,6.5
11,US17,CHICAGO O'HARE INTERNATIONAL AIRPORT,81,60,71,0.01,3
12,US17,CHICAGO O'HARE INTERNATIONAL AIRPORT,82,67,75,0.27,7.5
13,US17,CHICAGO O'HARE INTERNATIONAL AIRPORT,70,58,64,0,9.6
14,US17,CHICAGO O'HARE INTERNATIONAL AIRPORT,72,56,64,0,7.1
15,US17,CHICAGO O'HARE INTERNATIONAL AIRPORT,75,55,65,0,4.9
16,US17,CHICAGO O'HARE INTERNATIONAL AIRPORT,82,55,69,0,5.2
17,US17,CHICAGO O'HARE INTERNATIONAL AIRPORT,81,57,69,0,6.4
18,US17,CHICAGO O'HARE INTERNATIONAL AIRPORT,81,59,70,0,4.8
19,US17,CHICAGO O'HARE INTERNATIONAL AIRPORT,85,57,71,0,5.3
20,US17,CHICAGO O'HARE INTERNATIONAL AIRPORT,88,66,77,0,8
21,US17,CHICAGO O'HARE INTERNATIONAL AIRPORT,90,68,79,0.01,9
22,US17,CHICAGO O'HARE INTERNATIONAL AIRPORT,78,68,73,0.23,7
23,US17,CHICAGO O'HARE INTERNATIONAL AIRPORT,82,62,72,0,6.8
24,US17,CHICAGO O'HARE INTERNATIONAL AIRPORT,86,60,73,0,6.1
25,US17,CHICAGO O'HARE INTERNATIONAL AIRPORT,89,65,77,0,9.6
26,US17,CHICAGO O'HARE INTERNATIONAL AIRPORT,92,70,81,0,9.4
27,US17,CHICAGO O'HARE INTERNATIONAL AIRPORT,96,77,87,0,12
28,US17,CHICAGO O'HARE INTERNATIONAL AIRPORT,83,71,77,0,9.3
29,US17,CHICAGO O'HARE INTERNATIONAL AIRPORT,89,66,78,0,4.7
30,US17,CHICAGO O'HARE INTERNATIONAL AIRPORT,96,67,82,0.36,8.3
31,US17,CHICAGO O'HARE INTERNATIONAL AIRPORT,78,71,75,0.07,7.2
1,US18,INDIANAPOLIS INTERNATIONAL AIRPORT,84,64,74,0,8.8
2,US18,INDIANAPOLIS INTERNATIONAL AIRPORT,84,59,72,0.01,8.7
3,US18,INDIANAPOLIS INTERNATIONAL AIRPORT,83,67,75,0.71,7.2
4,US18,INDIANAPOLIS INTERNATIONAL AIRPORT,80,60,70,0,6.1
5,US18,INDIANAPOLIS INTERNATIONAL AIRPORT,81,62,72,0,5.3
6,US18,INDIANAPOLIS INTERNATIONAL AIRPORT,80,69,75,0,6.4
7,US18,INDIANAPOLIS INTERNATIONAL AIRPORT,85,70,78,0.01,7.1
8,US18,INDIANAPOLIS INTERNATIONAL AIRPORT,86,70,78,0.12,6.1
9,US18,INDIANAPOLIS INTERNATIONAL AIRPORT,84,70,77,0.02,6.2
10,US18,INDIANAPOLIS INTERNATIONAL AIRPORT,86,69,78,0.01,4.1
11,US18,INDIANAPOLIS INTERNATIONAL AIRPORT,84,67,76,0,4.8
12,US18,INDIANAPOLIS INTERNATIONAL AIRPORT,84,67,76,0,4.5
13,US18,INDIANAPOLIS INTERNATIONAL AIRPORT,76,58,67,0,11.2
14,US18,INDIANAPOLIS INTERNATIONAL AIRPORT,72,52,62,0,7.8
15,US18,INDIANAPOLIS INTERNATIONAL AIRPORT,74,52,63,0,5.1
16,US18,INDIANAPOLIS INTERNATIONAL AIRPORT,77,60,69,0.01,6.7
17,US18,INDIANAPOLIS INTERNATIONAL AIRPORT,81,60,71,0,8.2
18,US18,INDIANAPOLIS INTERNATIONAL AIRPORT,83,61,72,0,4.6
19,US18,INDIANAPOLIS INTERNATIONAL AIRPORT,86,61,74,0,2.4
20,US18,INDIANAPOLIS INTERNATIONAL AIRPORT,88,66,77,0,5.4
21,US18,INDIANAPOLIS INTERNATIONAL AIRPORT,88,67,78,0,5.4
22,US18,INDIANAPOLIS INTERNATIONAL AIRPORT,88,68,78,0,8.3
23,US18,INDIANAPOLIS INTERNATIONAL AIRPORT,85,67,76,0,7.6
24,US18,INDIANAPOLIS INTERNATIONAL AIRPORT,87,63,75,0,3.9
25,US18,INDIANAPOLIS INTERNATIONAL AIRPORT,88,64,76,0,4
26,US18,INDIANAPOLIS INTERNATIONAL AIRPORT,90,64,77,0,7.3
27,US18,INDIANAPOLIS INTERNATIONAL AIRPORT,93,72,83,0,9.5
28,US18,INDIANAPOLIS INTERNATIONAL AIRPORT,94,74,84,0.01,12.2
29,US18,INDIANAPOLIS INTERNATIONAL AIRPORT,90,72,81,0,6.8
30,US18,INDIANAPOLIS INTERNATIONAL AIRPORT,94,69,82,0.01,6.3
31,US18,INDIANAPOLIS INTERNATIONAL AIRPORT,96,70,83,0.3,8.5
1,US19,DES MOINES INTERNATIONAL AIRPORT,89,63,76,0,4.8
2,US19,DES MOINES INTERNATIONAL AIRPORT,85,68,77,0.01,6.9
3,US19,DES MOINES INTERNATIONAL AIRPORT,82,64,73,0,7
4,US19,DES MOINES INTERNATIONAL AIRPORT,83,59,71,0,7.1
5,US19,DES MOINES INTERNATIONAL AIRPORT,85,65,75,0.01,6.3
6,US19,DES MOINES INTERNATIONAL AIRPORT,92,70,81,0.25,4.9
7,US19,DES MOINES INTERNATIONAL AIRPORT,84,69,77,0,7.8
8,US19,DES MOINES INTERNATIONAL AIRPORT,83,64,74,0,5.1
9,US19,DES MOINES INTERNATIONAL AIRPORT,84,67,76,0.01,6
10,US19,DES MOINES INTERNATIONAL AIRPORT,85,61,73,0,5
11,US19,DES MOINES INTERNATIONAL AIRPORT,88,65,77,0.22,9
12,US19,DES MOINES INTERNATIONAL AIRPORT,85,66,76,0.51,9
13,US19,DES MOINES INTERNATIONAL AIRPORT,81,60,71,0,6
14,US19,DES MOINES INTERNATIONAL AIRPORT,77,57,67,0,5.8
15,US19,DES MOINES INTERNATIONAL AIRPORT,74,62,68,0.01,6.9
16,US19,DES MOINES INTERNATIONAL AIRPORT,80,57,69,0,5.5
17,US19,DES MOINES INTERNATIONAL AIRPORT,82,59,71,0,4.9
18,US19,DES MOINES INTERNATIONAL AIRPORT,84,61,73,0,6.6
19,US19,DES MOINES INTERNATIONAL AIRPORT,87,62,75,0,9.4
20,US19,DES MOINES INTERNATIONAL AIRPORT,92,69,81,0,11.7
21,US19,DES MOINES INTERNATIONAL AIRPORT,93,72,83,0,10.3
22,US19,DES MOINES INTERNATIONAL AIRPORT,82,72,77,0.01,6.1
23,US19,DES MOINES INTERNATIONAL AIRPORT,90,70,80,0,8.9
24,US19,DES MOINES INTERNATIONAL AIRPORT,95,72,84,0,11.5
25,US19,DES MOINES INTERNATIONAL AIRPORT,96,73,85,0,11.7
26,US19,DES MOINES INTERNATIONAL AIRPORT,99,73,86,0,9.9
27,US19,DES MOINES INTERNATIONAL AIRPORT,99,77,88,0,14
28,US19,DES MOINES INTERNATIONAL AIRPORT,99,74,87,0,6.6
29,US19,DES MOINES INTERNATIONAL AIRPORT,96,73,85,0,6.8
30,US19,DES MOINES INTERNATIONAL AIRPORT,104,74,89,0,8.9
31,US19,DES MOINES INTERNATIONAL AIRPORT,94,71,83,0,5.3
1,US20,WICHITA EISENHOWER NATIONAL,87,67,77,0,7.5
2,US20,WICHITA EISENHOWER NATIONAL,92,71,82,1.5,11.4
3,US20,WICHITA EISENHOWER NATIONAL,87,72,80,1.48,11.6
4,US20,WICHITA EISENHOWER NATIONAL,78,70,74,2.38,9.1
5,US20,WICHITA EISENHOWER NATIONAL,93,71,82,0.12,9.1
6,US20,WICHITA EISENHOWER NATIONAL,91,72,82,0.01,6.7
7,US20,WICHITA EISENHOWER NATIONAL,89,72,81,0.03,8.2
8,US20,WICHITA EISENHOWER NATIONAL,83,68,76,1.78,8.2
9,US20,WICHITA EISENHOWER NATIONAL,74,64,69,0.31,9.9
10,US20,WICHITA EISENHOWER NATIONAL,84,63,74,0,6
11,US20,WICHITA EISENHOWER NATIONAL,85,68,77,0.01,4.7
12,US20,WICHITA EISENHOWER NATIONAL,86,69,78,0.55,7.6
13,US20,WICHITA EISENHOWER NATIONAL,84,66,75,1.81,8.3
14,US20,WICHITA EISENHOWER NATIONAL,80,63,72,0,7.2
15,US20,WICHITA EISENHOWER NATIONAL,82,62,72,0.66,9.1
16,US20,WICHITA EISENHOWER NATIONAL,80,62,71,0.01,5.3
17,US20,WICHITA EISENHOWER NATIONAL,80,63,72,0,7.4
18,US20,WICHITA EISENHOWER NATIONAL,81,63,72,0,7.4
19,US20,WICHITA EISENHOWER NATIONAL,86,66,76,0,9.8
20,US20,WICHITA EISENHOWER NATIONAL,90,66,78,0,10
21,US20,WICHITA EISENHOWER NATIONAL,92,68,80,0,10.3
22,US20,WICHITA EISENHOWER NATIONAL,89,67,78,0,7.6
23,US20,WICHITA EISENHOWER NATIONAL,92,72,82,0,9.2
24,US20,WICHITA EISENHOWER NATIONAL,92,71,82,0,11.1
25,US20,WICHITA EISENHOWER NATIONAL,93,72,83,0,10.2
26,US20,WICHITA EISENHOWER NATIONAL,93,72,83,0,11.2
27,US20,WICHITA EISENHOWER NATIONAL,92,68,80,0,9.4
28,US20,WICHITA EISENHOWER NATIONAL,93,68,81,0,7.9
29,US20,WICHITA EISENHOWER NATIONAL,99,72,86,0,7.5
30,US20,WICHITA EISENHOWER NATIONAL,102,71,87,0,6.3
31,US20,WICHITA EISENHOWER NATIONAL,103,70,87,0,4.9
1,US21,CINCINNATI/NORTHERN KENTUCKY INTL,83,61,72,0,7.5
2,US21,CINCINNATI/NORTHERN KENTUCKY INTL,83,56,70,0.01,5.3
3,US21,CINCINNATI/NORTHERN KENTUCKY INTL,81,67,74,0.24,4.6
4,US21,CINCINNATI/NORTHERN KENTUCKY INTL,79,60,70,0,8.4
5,US21,CINCINNATI/NORTHERN KENTUCKY INTL,81,54,68,0,2.9
6,US21,CINCINNATI/NORTHERN KENTUCKY INTL,81,68,75,0,6.9
7,US21,CINCINNATI/NORTHERN KENTUCKY INTL,84,67,76,0,4.6
8,US21,CINCINNATI/NORTHERN KENTUCKY INTL,85,69,77,1.72,4.8
9,US21,CINCINNATI/NORTHERN KENTUCKY INTL,84,69,77,0.06,5.6
10,US21,CINCINNATI/NORTHERN KENTUCKY INTL,85,70,78,0,2.4
11,US21,CINCINNATI/NORTHERN KENTUCKY INTL,87,67,77,0,3.6
12,US21,CINCINNATI/NORTHERN KENTUCKY INTL,83,63,73,0.01,3.9
13,US21,CINCINNATI/NORTHERN KENTUCKY INTL,80,60,70,0,9.1
14,US21,CINCINNATI/NORTHERN KENTUCKY INTL,72,53,63,0,7.1
15,US21,CINCINNATI/NORTHERN KENTUCKY INTL,75,54,65,0,5.6
16,US21,CINCINNATI/NORTHERN KENTUCKY INTL,79,59,69,0,6.8
17,US21,CINCINNATI/NORTHERN KENTUCKY INTL,84,63,74,0,6.4
18,US21,CINCINNATI/NORTHERN KENTUCKY INTL,84,62,73,0,3.6
19,US21,CINCINNATI/NORTHERN KENTUCKY INTL,85,62,74,0,3.5
20,US21,CINCINNATI/NORTHERN KENTUCKY INTL,87,65,76,0,5.5
21,US21,CINCINNATI/NORTHERN KENTUCKY INTL,85,67,76,0.01,5.3
22,US21,CINCINNATI/NORTHERN KENTUCKY INTL,88,67,78,0.09,5.1
23,US21,CINCINNATI/NORTHERN KENTUCKY INTL,84,67,76,0.01,6
24,US21,CINCINNATI/NORTHERN KENTUCKY INTL,87,64,76,0,5
25,US21,CINCINNATI/NORTHERN KENTUCKY INTL,87,59,73,0,2.2
26,US21,CINCINNATI/NORTHERN KENTUCKY INTL,89,61,75,0,5.2
27,US21,CINCINNATI/NORTHERN KENTUCKY INTL,89,71,80,0.01,5.1
28,US21,CINCINNATI/NORTHERN KENTUCKY INTL,95,74,85,0.01,9.6
29,US21,CINCINNATI/NORTHERN KENTUCKY INTL,87,68,78,0,6.3
30,US21,CINCINNATI/NORTHERN KENTUCKY INTL,90,66,78,0,3.4
31,US21,CINCINNATI/NORTHERN KENTUCKY INTL,92,69,81,1.58,7.3
1,US22,LOUIS ARMSTRONG NEW ORLEANS INTL,93,77,85,0.01,6.1
2,US22,LOUIS ARMSTRONG NEW ORLEANS INTL,95,77,86,0,5
3,US22,LOUIS ARMSTRONG NEW ORLEANS INTL,94,76,85,0,4.6
4,US22,LOUIS ARMSTRONG NEW ORLEANS INTL,96,77,87,0,5.5
5,US22,LOUIS ARMSTRONG NEW ORLEANS INTL,95,78,87,0,6.7
6,US22,LOUIS ARMSTRONG NEW ORLEANS INTL,96,78,87,0,6.3
7,US22,LOUIS ARMSTRONG NEW ORLEANS INTL,97,79,88,0,5.6
8,US22,LOUIS ARMSTRONG NEW ORLEANS INTL,95,79,87,0.01,5.3
9,US22,LOUIS ARMSTRONG NEW ORLEANS INTL,92,80,86,0.47,3.6
10,US22,LOUIS ARMSTRONG NEW ORLEANS INTL,94,79,87,0.02,6.1
11,US22,LOUIS ARMSTRONG NEW ORLEANS INTL,90,76,83,0.75,4
12,US22,LOUIS ARMSTRONG NEW ORLEANS INTL,92,78,85,0.01,3.6
13,US22,LOUIS ARMSTRONG NEW ORLEANS INTL,91,74,83,1.1,8.1
14,US22,LOUIS ARMSTRONG NEW ORLEANS INTL,82,74,78,1.33,5.2
15,US22,LOUIS ARMSTRONG NEW ORLEANS INTL,89,74,82,0,5.7
16,US22,LOUIS ARMSTRONG NEW ORLEANS INTL,91,76,84,0,4.7
17,US22,LOUIS ARMSTRONG NEW ORLEANS INTL,86,77,82,0.07,8.2
18,US22,LOUIS ARMSTRONG NEW ORLEANS INTL,83,75,79,0,9.2
19,US22,LOUIS ARMSTRONG NEW ORLEANS INTL,87,71,79,0.65,3.1
20,US22,LOUIS ARMSTRONG NEW ORLEANS INTL,88,73,81,0.3,3.6
21,US22,LOUIS ARMSTRONG NEW ORLEANS INTL,88,75,82,1.74,3.5
22,US22,LOUIS ARMSTRONG NEW ORLEANS INTL,90,73,82,0.01,5.7
23,US22,LOUIS ARMSTRONG NEW ORLEANS INTL,88,78,83,0.01,8.4
24,US22,LOUIS ARMSTRONG NEW ORLEANS INTL,82,75,79,0.17,8.2
25,US22,LOUIS ARMSTRONG NEW ORLEANS INTL,84,75,80,0.38,7
26,US22,LOUIS ARMSTRONG NEW ORLEANS INTL,86,74,80,0.23,5.8
27,US22,LOUIS ARMSTRONG NEW ORLEANS INTL,87,73,80,0,4.3
28,US22,LOUIS ARMSTRONG NEW ORLEANS INTL,87,69,78,0,4.6
29,US22,LOUIS ARMSTRONG NEW ORLEANS INTL,89,71,80,0,3.4
30,US22,LOUIS ARMSTRONG NEW ORLEANS INTL,91,72,82,0,4.7
31,US22,LOUIS ARMSTRONG NEW ORLEANS INTL,92,75,84,0,5
1,US23,PORTLAND INTERNATIONAL JETPORT,76,57,67,0.02,6.6
2,US23,PORTLAND INTERNATIONAL JETPORT,78,61,70,0.51,5.2
3,US23,PORTLAND INTERNATIONAL JETPORT,80,58,69,0.01,6.4
4,US23,PORTLAND INTERNATIONAL JETPORT,77,55,66,0.09,5.6
5,US23,PORTLAND INTERNATIONAL JETPORT,74,52,63,0,8.9
6,US23,PORTLAND INTERNATIONAL JETPORT,75,49,62,0,5.1
7,US23,PORTLAND INTERNATIONAL JETPORT,75,51,63,0,5.5
8,US23,PORTLAND INTERNATIONAL JETPORT,76,63,70,0.17,7.7
9,US23,PORTLAND INTERNATIONAL JETPORT,71,66,69,0.67,8.5
10,US23,PORTLAND INTERNATIONAL JETPORT,81,57,69,0,8.1
11,US23,PORTLAND INTERNATIONAL JETPORT,78,52,65,0,4.7
12,US23,PORTLAND INTERNATIONAL JETPORT,78,54,66,0,4.9
13,US23,PORTLAND INTERNATIONAL JETPORT,73,58,66,0.01,4.3
14,US23,PORTLAND INTERNATIONAL JETPORT,77,54,66,0,8.4
15,US23,PORTLAND INTERNATIONAL JETPORT,76,50,63,0,6.5
16,US23,PORTLAND INTERNATIONAL JETPORT,74,53,64,0,4.9
17,US23,PORTLAND INTERNATIONAL JETPORT,77,55,66,0,5
18,US23,PORTLAND INTERNATIONAL JETPORT,75,54,65,0,4.3
19,US23,PORTLAND INTERNATIONAL JETPORT,83,56,70,0,5.3
20,US23,PORTLAND INTERNATIONAL JETPORT,83,61,72,0,4.8
21,US23,PORTLAND INTERNATIONAL JETPORT,84,61,73,0,5.6
22,US23,PORTLAND INTERNATIONAL JETPORT,89,64,77,0.01,8
23,US23,PORTLAND INTERNATIONAL JETPORT,80,58,69,0,11.5
24,US23,PORTLAND INTERNATIONAL JETPORT,78,50,64,0,4.6
25,US23,PORTLAND INTERNATIONAL JETPORT,77,52,65,0,6.1
26,US23,PORTLAND INTERNATIONAL JETPORT,82,62,72,0.24,6.2
27,US23,PORTLAND INTERNATIONAL JETPORT,84,63,74,0,2.9
28,US23,PORTLAND INTERNATIONAL JETPORT,78,62,70,0.04,4.3
29,US23,PORTLAND INTERNATIONAL JETPORT,69,60,65,0,6.4
30,US23,PORTLAND INTERNATIONAL JETPORT,80,61,71,0,4.4
31,US23,PORTLAND INTERNATIONAL JETPORT,82,67,75,0.01,4.4
1,US24,BALTIMORE-WASHINGTON INTL AIRPORT,81,67,74,0.38,3.3
2,US24,BALTIMORE-WASHINGTON INTL AIRPORT,87,65,76,0,4.8
3,US24,BALTIMORE-WASHINGTON INTL AIRPORT,78,66,72,0.03,4.7
4,US24,BALTIMORE-WASHINGTON INTL AIRPORT,83,62,73,0,6.9
5,US24,BALTIMORE-WASHINGTON INTL AIRPORT,80,56,68,0,3.8
6,US24,BALTIMORE-WASHINGTON INTL AIRPORT,72,65,69,0.13,2
7,US24,BALTIMORE-WASHINGTON INTL AIRPORT,81,68,75,0.1,4.3
8,US24,BALTIMORE-WASHINGTON INTL AIRPORT,86,71,79,0.08,5.1
9,US24,BALTIMORE-WASHINGTON INTL AIRPORT,90,75,83,0.01,7.1
10,US24,BALTIMORE-WASHINGTON INTL AIRPORT,85,69,77,0.01,2.3
11,US24,BALTIMORE-WASHINGTON INTL AIRPORT,85,68,77,0,3.7
12,US24,BALTIMORE-WASHINGTON INTL AIRPORT,90,69,80,0,2.6
13,US24,BALTIMORE-WASHINGTON INTL AIRPORT,86,72,79,0.33,6.1
14,US24,BALTIMORE-WASHINGTON INTL AIRPORT,76,60,68,0,8.5
15,US24,BALTIMORE-WASHINGTON INTL AIRPORT,79,53,66,0,3.4
16,US24,BALTIMORE-WASHINGTON INTL AIRPORT,78,53,66,0,2.2
17,US24,BALTIMORE-WASHINGTON INTL AIRPORT,80,55,68,0,5.7
18,US24,BALTIMORE-WASHINGTON INTL AIRPORT,73,65,69,0.02,4.7
19,US24,BALTIMORE-WASHINGTON INTL AIRPORT,77,61,69,0,2.8
20,US24,BALTIMORE-WASHINGTON INTL AIRPORT,90,62,76,0,1.6
21,US24,BALTIMORE-WASHINGTON INTL AIRPORT,89,69,79,0.01,4.3
22,US24,BALTIMORE-WASHINGTON INTL AIRPORT,91,71,81,0,5.4
23,US24,BALTIMORE-WASHINGTON INTL AIRPORT,80,60,70,0.02,4
24,US24,BALTIMORE-WASHINGTON INTL AIRPORT,83,59,71,0,5.2
25,US24,BALTIMORE-WASHINGTON INTL AIRPORT,81,57,69,0,3.5
26,US24,BALTIMORE-WASHINGTON INTL AIRPORT,89,61,75,0,5.9
27,US24,BALTIMORE-WASHINGTON INTL AIRPORT,92,73,83,0.01,5.9
28,US24,BALTIMORE-WASHINGTON INTL AIRPORT,84,71,78,0.01,4.7
29,US24,BALTIMORE-WASHINGTON INTL AIRPORT,86,70,78,0.01,7.7
30,US24,BALTIMORE-WASHINGTON INTL AIRPORT,88,68,78,0,5.1
31,US24,BALTIMORE-WASHINGTON INTL AIRPORT,91,70,81,0,4.7
1,US25,LOGAN INTERNATIONAL AIRPORT,82,66,74,0.01,9.6
2,US25,LOGAN INTERNATIONAL AIRPORT,85,66,76,0.13,8.3
3,US25,LOGAN INTERNATIONAL AIRPORT,80,68,74,0,11.8
4,US25,LOGAN INTERNATIONAL AIRPORT,82,65,74,0.01,9.2
5,US25,LOGAN INTERNATIONAL AIRPORT,78,61,70,0,11.4
6,US25,LOGAN INTERNATIONAL AIRPORT,74,59,67,0,7.2
7,US25,LOGAN INTERNATIONAL AIRPORT,79,61,70,0,9.3
8,US25,LOGAN INTERNATIONAL AIRPORT,81,65,73,0.07,10.9
9,US25,LOGAN INTERNATIONAL AIRPORT,76,71,74,1.62,11.5
10,US25,LOGAN INTERNATIONAL AIRPORT,85,67,76,0,11.9
11,US25,LOGAN INTERNATIONAL AIRPORT,81,63,72,0,6.9
12,US25,LOGAN INTERNATIONAL AIRPORT,84,65,75,0,7.7
13,US25,LOGAN INTERNATIONAL AIRPORT,73,66,70,0.01,5.4
14,US25,LOGAN INTERNATIONAL AIRPORT,76,63,70,0,14
15,US25,LOGAN INTERNATIONAL AIRPORT,78,60,69,0,9.9
16,US25,LOGAN INTERNATIONAL AIRPORT,80,62,71,0,8.4
17,US25,LOGAN INTERNATIONAL AIRPORT,74,64,69,0,7.4
18,US25,LOGAN INTERNATIONAL AIRPORT,78,63,71,0,6.3
19,US25,LOGAN INTERNATIONAL AIRPORT,84,64,74,0,9
20,US25,LOGAN INTERNATIONAL AIRPORT,87,69,78,0,6.8
21,US25,LOGAN INTERNATIONAL AIRPORT,89,67,78,0,7.4
22,US25,LOGAN INTERNATIONAL AIRPORT,89,70,80,0,12.2
23,US25,LOGAN INTERNATIONAL AIRPORT,78,66,72,0,9.5
24,US25,LOGAN INTERNATIONAL AIRPORT,72,60,66,0,8.9
25,US25,LOGAN INTERNATIONAL AIRPORT,83,61,72,0,9.1
26,US25,LOGAN INTERNATIONAL AIRPORT,84,67,76,0.01,11.1
27,US25,LOGAN INTERNATIONAL AIRPORT,76,65,71,0.01,4.8
28,US25,LOGAN INTERNATIONAL AIRPORT,73,61,67,0,5.9
29,US25,LOGAN INTERNATIONAL AIRPORT,67,62,65,0.01,9.6
30,US25,LOGAN INTERNATIONAL AIRPORT,84,63,74,0,8.6
31,US25,LOGAN INTERNATIONAL AIRPORT,82,69,76,0.01,9.8
1,US26,DETROIT METRO WAYNE COUNTY AIRPORT,82,64,73,0,8.3
2,US26,DETROIT METRO WAYNE COUNTY AIRPORT,76,57,67,0.01,9.6
3,US26,DETROIT METRO WAYNE COUNTY AIRPORT,81,62,72,0,7
4,US26,DETROIT METRO WAYNE COUNTY AIRPORT,76,57,67,0,6.9
5,US26,DETROIT METRO WAYNE COUNTY AIRPORT,73,61,67,0.01,4.9
6,US26,DETROIT METRO WAYNE COUNTY AIRPORT,79,65,72,0.03,6.8
7,US26,DETROIT METRO WAYNE COUNTY AIRPORT,85,67,76,0.01,6.9
8,US26,DETROIT METRO WAYNE COUNTY AIRPORT,79,67,73,0,7.6
9,US26,DETROIT METRO WAYNE COUNTY AIRPORT,82,63,73,0,6
10,US26,DETROIT METRO WAYNE COUNTY AIRPORT,79,65,72,0,4.1
11,US26,DETROIT METRO WAYNE COUNTY AIRPORT,83,59,71,0,3.6
12,US26,DETROIT METRO WAYNE COUNTY AIRPORT,74,65,70,2.46,5.4
13,US26,DETROIT METRO WAYNE COUNTY AIRPORT,69,55,62,0,9.9
14,US26,DETROIT METRO WAYNE COUNTY AIRPORT,72,51,62,0,6.9
15,US26,DETROIT METRO WAYNE COUNTY AIRPORT,75,51,63,0,4.8
16,US26,DETROIT METRO WAYNE COUNTY AIRPORT,79,56,68,0,2.6
17,US26,DETROIT METRO WAYNE COUNTY AIRPORT,79,58,69,0,2.9
18,US26,DETROIT METRO WAYNE COUNTY AIRPORT,81,61,71,0,4.2
19,US26,DETROIT METRO WAYNE COUNTY AIRPORT,83,62,73,0,4.3
20,US26,DETROIT METRO WAYNE COUNTY AIRPORT,85,63,74,0,5.7
21,US26,DETROIT METRO WAYNE COUNTY AIRPORT,87,67,77,0,8
22,US26,DETROIT METRO WAYNE COUNTY AIRPORT,83,71,77,0.06,7.9
23,US26,DETROIT METRO WAYNE COUNTY AIRPORT,84,64,74,0,6.2
24,US26,DETROIT METRO WAYNE COUNTY AIRPORT,80,60,70,0,4.7
25,US26,DETROIT METRO WAYNE COUNTY AIRPORT,87,61,74,0,7.1
26,US26,DETROIT METRO WAYNE COUNTY AIRPORT,89,67,78,0.01,10.4
27,US26,DETROIT METRO WAYNE COUNTY AIRPORT,84,73,79,0.97,6.9
28,US26,DETROIT METRO WAYNE COUNTY AIRPORT,84,72,78,0.36,8.1
29,US26,DETROIT METRO WAYNE COUNTY AIRPORT,88,68,78,0.01,4.5
30,US26,DETROIT METRO WAYNE COUNTY AIRPORT,88,67,78,2.09,9.2
31,US26,DETROIT METRO WAYNE COUNTY AIRPORT,81,71,76,0,5.9
1,US27,MINNEAPOLIS-ST PAUL INTERNATIONAL,83,59,71,0,4.6
2,US27,MINNEAPOLIS-ST PAUL INTERNATIONAL,79,61,70,0,6.8
3,US27,MINNEAPOLIS-ST PAUL INTERNATIONAL,80,58,69,0,4.6
4,US27,MINNEAPOLIS-ST PAUL INTERNATIONAL,76,56,66,0,5
5,US27,MINNEAPOLIS-ST PAUL INTERNATIONAL,81,61,71,0.65,5
6,US27,MINNEAPOLIS-ST PAUL INTERNATIONAL,86,59,73,1.33,5.9
7,US27,MINNEAPOLIS-ST PAUL INTERNATIONAL,77,62,70,0,8.6
8,US27,MINNEAPOLIS-ST PAUL INTERNATIONAL,75,58,67,0,4
9,US27,MINNEAPOLIS-ST PAUL INTERNATIONAL,76,60,68,0,7.6
10,US27,MINNEAPOLIS-ST PAUL INTERNATIONAL,77,62,70,0,4
11,US27,MINNEAPOLIS-ST PAUL INTERNATIONAL,80,65,73,0,3.9
12,US27,MINNEAPOLIS-ST PAUL INTERNATIONAL,80,63,72,0,8.8
13,US27,MINNEAPOLIS-ST PAUL INTERNATIONAL,76,57,67,0,4.8
14,US27,MINNEAPOLIS-ST PAUL INTERNATIONAL,78,58,68,0,4
15,US27,MINNEAPOLIS-ST PAUL INTERNATIONAL,79,59,69,0,3.5
16,US27,MINNEAPOLIS-ST PAUL INTERNATIONAL,80,61,71,0,3.4
17,US27,MINNEAPOLIS-ST PAUL INTERNATIONAL,82,60,71,0,7
18,US27,MINNEAPOLIS-ST PAUL INTERNATIONAL,83,62,73,0,8.1
19,US27,MINNEAPOLIS-ST PAUL INTERNATIONAL,88,69,79,0,8.1
20,US27,MINNEAPOLIS-ST PAUL INTERNATIONAL,90,71,81,0,7.8
21,US27,MINNEAPOLIS-ST PAUL INTERNATIONAL,88,74,81,0.01,6.7
22,US27,MINNEAPOLIS-ST PAUL INTERNATIONAL,87,68,78,0,8.9
23,US27,MINNEAPOLIS-ST PAUL INTERNATIONAL,88,64,76,0,8.6
24,US27,MINNEAPOLIS-ST PAUL INTERNATIONAL,90,71,81,0,13.5
25,US27,MINNEAPOLIS-ST PAUL INTERNATIONAL,96,80,88,0,11.8
26,US27,MINNEAPOLIS-ST PAUL INTERNATIONAL,97,80,89,0,8.7
27,US27,MINNEAPOLIS-ST PAUL INTERNATIONAL,96,79,88,0,6.8
28,US27,MINNEAPOLIS-ST PAUL INTERNATIONAL,92,73,83,0,5.6
29,US27,MINNEAPOLIS-ST PAUL INTERNATIONAL,95,75,85,0.03,8.4
30,US27,MINNEAPOLIS-ST PAUL INTERNATIONAL,85,72,79,0,10
31,US27,MINNEAPOLIS-ST PAUL INTERNATIONAL,89,66,78,0.06,6.2
1,US28,JACKSON INTERNATIONAL AIRPORT,96,75,86,0,4.4
2,US28,JACKSON INTERNATIONAL AIRPORT,96,73,85,0,2.9
3,US28,JACKSON INTERNATIONAL AIRPORT,95,76,86,0,3.9
4,US28,JACKSON INTERNATIONAL AIRPORT,98,74,86,0.01,3.5
5,US28,JACKSON INTERNATIONAL AIRPORT,96,76,86,0.2,4.3
6,US28,JACKSON INTERNATIONAL AIRPORT,97,76,87,0,4.7
7,US28,JACKSON INTERNATIONAL AIRPORT,99,75,87,0,3.9
8,US28,JACKSON INTERNATIONAL AIRPORT,99,76,88,0,5.4
9,US28,JACKSON INTERNATIONAL AIRPORT,98,74,86,0.27,5
10,US28,JACKSON INTERNATIONAL AIRPORT,95,75,85,0,3.3
11,US28,JACKSON INTERNATIONAL AIRPORT,94,75,85,0.34,4
12,US28,JACKSON INTERNATIONAL AIRPORT,94,74,84,0.23,6.4
13,US28,JACKSON INTERNATIONAL AIRPORT,89,74,82,0.45,4.6
14,US28,JACKSON INTERNATIONAL AIRPORT,87,73,80,0.04,5.2
15,US28,JACKSON INTERNATIONAL AIRPORT,87,68,78,0,5.3
16,US28,JACKSON INTERNATIONAL AIRPORT,87,66,77,0.04,3.4
17,US28,JACKSON INTERNATIONAL AIRPORT,84,69,77,0,4.6
18,US28,JACKSON INTERNATIONAL AIRPORT,81,69,75,0.01,6.9
19,US28,JACKSON INTERNATIONAL AIRPORT,86,69,78,0.01,2.7
20,US28,JACKSON INTERNATIONAL AIRPORT,90,66,78,0.24,1.8
21,US28,JACKSON INTERNATIONAL AIRPORT,89,73,81,0,3.9
22,US28,JACKSON INTERNATIONAL AIRPORT,93,70,82,0.67,2
23,US28,JACKSON INTERNATIONAL AIRPORT,92,71,82,0.13,3.1
24,US28,JACKSON INTERNATIONAL AIRPORT,92,72,82,0.34,3.4
25,US28,JACKSON INTERNATIONAL AIRPORT,88,71,80,0.01,5.1
26,US28,JACKSON INTERNATIONAL AIRPORT,90,67,79,0,5.4
27,US28,JACKSON INTERNATIONAL AIRPORT,88,62,75,0,2.2
28,US28,JACKSON INTERNATIONAL AIRPORT,89,62,76,0,1.1
29,US28,JACKSON INTERNATIONAL AIRPORT,93,66,80,0,0.6
30,US28,JACKSON INTERNATIONAL AIRPORT,95,69,82,0,1.1
31,US28,JACKSON INTERNATIONAL AIRPORT,95,70,83,0,2
1,US29,KANSAS CITY INTERNATIONAL AIRPORT,87,65,76,0.06,5.6
2,US29,KANSAS CITY INTERNATIONAL AIRPORT,82,64,73,0.78,7.6
3,US29,KANSAS CITY INTERNATIONAL AIRPORT,85,69,77,0,9.1
4,US29,KANSAS CITY INTERNATIONAL AIRPORT,74,67,71,0.09,8.6
5,US29,KANSAS CITY INTERNATIONAL AIRPORT,84,68,76,0,4.9
6,US29,KANSAS CITY INTERNATIONAL AIRPORT,87,69,78,0.05,5.3
7,US29,KANSAS CITY INTERNATIONAL AIRPORT,88,70,79,0.87,6.3
8,US29,KANSAS CITY INTERNATIONAL AIRPORT,74,67,71,0.01,6.9
9,US29,KANSAS CITY INTERNATIONAL AIRPORT,78,66,72,0.01,4
10,US29,KANSAS CITY INTERNATIONAL AIRPORT,82,65,74,0,7.1
11,US29,KANSAS CITY INTERNATIONAL AIRPORT,85,62,74,0,4.8
12,US29,KANSAS CITY INTERNATIONAL AIRPORT,84,69,77,0.13,6.2
13,US29,KANSAS CITY INTERNATIONAL AIRPORT,80,66,73,0,5.8
14,US29,KANSAS CITY INTERNATIONAL AIRPORT,79,60,70,0,7
15,US29,KANSAS CITY INTERNATIONAL AIRPORT,70,62,66,0.14,7.8
16,US29,KANSAS CITY INTERNATIONAL AIRPORT,78,62,70,0,6.8
17,US29,KANSAS CITY INTERNATIONAL AIRPORT,78,56,67,0,5.2
18,US29,KANSAS CITY INTERNATIONAL AIRPORT,82,58,70,0,5.1
19,US29,KANSAS CITY INTERNATIONAL AIRPORT,84,61,73,0,8
20,US29,KANSAS CITY INTERNATIONAL AIRPORT,87,65,76,0,9.8
21,US29,KANSAS CITY INTERNATIONAL AIRPORT,89,65,77,0,8.6
22,US29,KANSAS CITY INTERNATIONAL AIRPORT,88,67,78,0,5.5
23,US29,KANSAS CITY INTERNATIONAL AIRPORT,92,71,82,0,6
24,US29,KANSAS CITY INTERNATIONAL AIRPORT,91,72,82,0,10.4
25,US29,KANSAS CITY INTERNATIONAL AIRPORT,93,72,83,0,10.4
26,US29,KANSAS CITY INTERNATIONAL AIRPORT,94,71,83,0,10.2
27,US29,KANSAS CITY INTERNATIONAL AIRPORT,93,72,83,0,10.8
28,US29,KANSAS CITY INTERNATIONAL AIRPORT,92,66,79,0,6.9
29,US29,KANSAS CITY INTERNATIONAL AIRPORT,96,72,84,0,8.4
30,US29,KANSAS CITY INTERNATIONAL AIRPORT,99,72,86,0,7.6
31,US29,KANSAS CITY INTERNATIONAL AIRPORT,90,72,81,0,4.7
1,US30,GALLATIN FIELD AIRPORT,86,53,70,0.53,10.2
2,US30,GALLATIN FIELD AIRPORT,79,53,66,0,6
3,US30,GALLATIN FIELD AIRPORT,83,47,65,0,4.4
4,US30,GALLATIN FIELD AIRPORT,85,50,68,0,4.1
5,US30,GALLATIN FIELD AIRPORT,87,47,67,0.05,5.9
6,US30,GALLATIN FIELD AIRPORT,83,48,66,0,4.4
7,US30,GALLATIN FIELD AIRPORT,86,48,67,0,4.2
8,US30,GALLATIN FIELD AIRPORT,87,50,69,0.01,3.9
9,US30,GALLATIN FIELD AIRPORT,80,55,68,0.01,7.5
10,US30,GALLATIN FIELD AIRPORT,85,50,68,0,6.3
11,US30,GALLATIN FIELD AIRPORT,81,47,64,0,5.1
12,US30,GALLATIN FIELD AIRPORT,86,43,65,0,7
13,US30,GALLATIN FIELD AIRPORT,84,50,67,0.01,6.4
14,US30,GALLATIN FIELD AIRPORT,87,42,65,0,4.5
15,US30,GALLATIN FIELD AIRPORT,93,45,69,0,4
16,US30,GALLATIN FIELD AIRPORT,97,48,73,0,4.4
17,US30,GALLATIN FIELD AIRPORT,91,48,70,0,4.7
18,US30,GALLATIN FIELD AIRPORT,91,48,70,0,4.8
19,US30,GALLATIN FIELD AIRPORT,93,48,71,0,5.1
20,US30,GALLATIN FIELD AIRPORT,91,45,68,0,5.2
21,US30,GALLATIN FIELD AIRPORT,87,48,68,0,4
22,US30,GALLATIN FIELD AIRPORT,91,54,73,0.01,5
23,US30,GALLATIN FIELD AIRPORT,83,50,67,0.1,7.6
24,US30,GALLATIN FIELD AIRPORT,84,54,69,0.01,5
25,US30,GALLATIN FIELD AIRPORT,88,47,68,0,3.2
26,US30,GALLATIN FIELD AIRPORT,86,50,68,0.01,5.1
27,US30,GALLATIN FIELD AIRPORT,88,49,69,0,5.5
28,US30,GALLATIN FIELD AIRPORT,86,49,68,0.3,3.5
29,US30,GALLATIN FIELD AIRPORT,86,50,68,0.01,6.7
30,US30,GALLATIN FIELD AIRPORT,91,52,72,0,5.7
31,US30,GALLATIN FIELD AIRPORT,84,46,65,0,4.9
1,US31,EPPLEY AIRFIELD AIRPORT,88,61,75,0.18,7.9
2,US31,EPPLEY AIRFIELD AIRPORT,85,66,76,0,6.2
3,US31,EPPLEY AIRFIELD AIRPORT,81,62,72,0,5.7
4,US31,EPPLEY AIRFIELD AIRPORT,81,58,70,0,9.8
5,US31,EPPLEY AIRFIELD AIRPORT,87,70,79,0.02,6.6
6,US31,EPPLEY AIRFIELD AIRPORT,90,66,78,0.37,7.4
7,US31,EPPLEY AIRFIELD AIRPORT,85,67,76,0,6.8
8,US31,EPPLEY AIRFIELD AIRPORT,80,65,73,0,4.3
9,US31,EPPLEY AIRFIELD AIRPORT,81,61,71,0,4.5
10,US31,EPPLEY AIRFIELD AIRPORT,85,57,71,0,6.5
11,US31,EPPLEY AIRFIELD AIRPORT,89,65,77,0.01,8.1
12,US31,EPPLEY AIRFIELD AIRPORT,87,66,77,0,7.5
13,US31,EPPLEY AIRFIELD AIRPORT,83,59,71,0,5.1
14,US31,EPPLEY AIRFIELD AIRPORT,77,60,69,0.01,7.5
15,US31,EPPLEY AIRFIELD AIRPORT,68,61,65,1.12,11.8
16,US31,EPPLEY AIRFIELD AIRPORT,75,63,69,0.01,7.2
17,US31,EPPLEY AIRFIELD AIRPORT,80,61,71,0,6.6
18,US31,EPPLEY AIRFIELD AIRPORT,81,56,69,0,7.8
19,US31,EPPLEY AIRFIELD AIRPORT,86,66,76,0,12.4
20,US31,EPPLEY AIRFIELD AIRPORT,90,70,80,0,13.1
21,US31,EPPLEY AIRFIELD AIRPORT,93,71,82,0,11.4
22,US31,EPPLEY AIRFIELD AIRPORT,85,71,78,0.03,4.7
23,US31,EPPLEY AIRFIELD AIRPORT,91,70,81,0,9.8
24,US31,EPPLEY AIRFIELD AIRPORT,92,75,84,0.01,16
25,US31,EPPLEY AIRFIELD AIRPORT,97,74,86,0,14.2
26,US31,EPPLEY AIRFIELD AIRPORT,97,74,86,0,12.9
27,US31,EPPLEY AIRFIELD AIRPORT,99,76,88,0,10.8
28,US31,EPPLEY AIRFIELD AIRPORT,97,71,84,0,8.4
29,US31,EPPLEY AIRFIELD AIRPORT,98,74,86,0,8.7
30,US31,EPPLEY AIRFIELD AIRPORT,99,74,87,0,6.9
31,US31,EPPLEY AIRFIELD AIRPORT,95,71,83,0,4.7
1,US32,MCCARRAN INTERNATIONAL AIRPORT,106,85,96,0,15.3
2,US32,MCCARRAN INTERNATIONAL AIRPORT,104,80,92,0,12.3
3,US32,MCCARRAN INTERNATIONAL AIRPORT,104,77,91,0,10.2
4,US32,MCCARRAN INTERNATIONAL AIRPORT,106,82,94,0,7.8
5,US32,MCCARRAN INTERNATIONAL AIRPORT,105,81,93,0,12.1
6,US32,MCCARRAN INTERNATIONAL AIRPORT,104,81,93,0,11.6
7,US32,MCCARRAN INTERNATIONAL AIRPORT,100,81,91,0,16
8,US32,MCCARRAN INTERNATIONAL AIRPORT,99,79,89,0,16.2
9,US32,MCCARRAN INTERNATIONAL AIRPORT,101,77,89,0,11.3
10,US32,MCCARRAN INTERNATIONAL AIRPORT,100,76,88,0,9.9
11,US32,MCCARRAN INTERNATIONAL AIRPORT,101,74,88,0,8.5
12,US32,MCCARRAN INTERNATIONAL AIRPORT,102,76,89,0,6.7
13,US32,MCCARRAN INTERNATIONAL AIRPORT,103,75,89,0,6.7
14,US32,MCCARRAN INTERNATIONAL AIRPORT,104,75,90,0,6.2
15,US32,MCCARRAN INTERNATIONAL AIRPORT,106,81,94,0,6.9
16,US32,MCCARRAN INTERNATIONAL AIRPORT,108,84,96,0.01,8.4
17,US32,MCCARRAN INTERNATIONAL AIRPORT,109,86,98,0,9.7
18,US32,MCCARRAN INTERNATIONAL AIRPORT,102,75,89,0.16,7.5
19,US32,MCCARRAN INTERNATIONAL AIRPORT,97,72,85,0.01,7.1
20,US32,MCCARRAN INTERNATIONAL AIRPORT,105,83,94,0,7.2
21,US32,MCCARRAN INTERNATIONAL AIRPORT,106,83,95,0,7.7
22,US32,MCCARRAN INTERNATIONAL AIRPORT,102,84,93,0.01,12
23,US32,MCCARRAN INTERNATIONAL AIRPORT,96,79,88,0.01,8.2
24,US32,MCCARRAN INTERNATIONAL AIRPORT,91,78,85,0.01,9.4
25,US32,MCCARRAN INTERNATIONAL AIRPORT,90,75,83,0.01,7.1
26,US32,MCCARRAN INTERNATIONAL AIRPORT,76,71,74,0.06,6.2
27,US32,MCCARRAN INTERNATIONAL AIRPORT,95,70,83,0.01,4.6
28,US32,MCCARRAN INTERNATIONAL AIRPORT,100,80,90,0.01,5
29,US32,MCCARRAN INTERNATIONAL AIRPORT,98,81,90,0,7.9
30,US32,MCCARRAN INTERNATIONAL AIRPORT,92,75,84,0.05,6.4
31,US32,MCCARRAN INTERNATIONAL AIRPORT,92,77,85,0.01,6.9
1,US33,MANCHESTER AIRPORT,82,61,72,0.26,4.5
2,US33,MANCHESTER AIRPORT,84,65,75,0.59,6
3,US33,MANCHESTER AIRPORT,83,63,73,0,5.7
4,US33,MANCHESTER AIRPORT,79,59,69,0.02,6
5,US33,MANCHESTER AIRPORT,76,56,66,0,8.3
6,US33,MANCHESTER AIRPORT,79,52,66,0,2.3
7,US33,MANCHESTER AIRPORT,81,55,68,0,6.1
8,US33,MANCHESTER AIRPORT,83,65,74,0.01,9.1
9,US33,MANCHESTER AIRPORT,75,70,73,1.72,6.9
10,US33,MANCHESTER AIRPORT,83,61,72,0,6.5
11,US33,MANCHESTER AIRPORT,80,55,68,0,3.5
12,US33,MANCHESTER AIRPORT,82,59,71,0,3.1
13,US33,MANCHESTER AIRPORT,74,65,70,0.03,3.3
14,US33,MANCHESTER AIRPORT,75,60,68,0,8.3
15,US33,MANCHESTER AIRPORT,77,52,65,0,5
16,US33,MANCHESTER AIRPORT,79,53,66,0,2.3
17,US33,MANCHESTER AIRPORT,82,57,70,0,2.7
18,US33,MANCHESTER AIRPORT,80,60,70,0,3
19,US33,MANCHESTER AIRPORT,82,59,71,0,3.1
20,US33,MANCHESTER AIRPORT,86,62,74,0,2.1
21,US33,MANCHESTER AIRPORT,89,63,76,0,2.8
22,US33,MANCHESTER AIRPORT,89,65,77,0.01,4.6
23,US33,MANCHESTER AIRPORT,81,61,71,0,9.6
24,US33,MANCHESTER AIRPORT,79,54,67,0,4
25,US33,MANCHESTER AIRPORT,83,54,69,0,3.4
26,US33,MANCHESTER AIRPORT,82,63,73,0.03,4.6
27,US33,MANCHESTER AIRPORT,87,69,78,0,4
28,US33,MANCHESTER AIRPORT,87,66,77,0.03,4.3
29,US33,MANCHESTER AIRPORT,69,62,66,0.1,4.8
30,US33,MANCHESTER AIRPORT,85,60,73,0,3.7
31,US33,MANCHESTER AIRPORT,81,69,75,0.14,5.2
1,US34,NEWARK LIBERTY INTERNATIONAL,75,68,72,0.7,5.5
2,US34,NEWARK LIBERTY INTERNATIONAL,87,67,77,0.01,8.6
3,US34,NEWARK LIBERTY INTERNATIONAL,80,69,75,0.02,9.1
4,US34,NEWARK LIBERTY INTERNATIONAL,82,64,73,0,9.8
5,US34,NEWARK LIBERTY INTERNATIONAL,80,62,71,0,8.2
6,US34,NEWARK LIBERTY INTERNATIONAL,81,61,71,0,6.8
7,US34,NEWARK LIBERTY INTERNATIONAL,80,69,75,0.01,7.7
8,US34,NEWARK LIBERTY INTERNATIONAL,84,70,77,0.68,6.5
9,US34,NEWARK LIBERTY INTERNATIONAL,88,74,81,0.03,10.6
10,US34,NEWARK LIBERTY INTERNATIONAL,85,68,77,0,8.6
11,US34,NEWARK LIBERTY INTERNATIONAL,84,63,74,0,5.5
12,US34,NEWARK LIBERTY INTERNATIONAL,83,70,77,0.51,3.8
13,US34,NEWARK LIBERTY INTERNATIONAL,79,70,75,0.86,4
14,US34,NEWARK LIBERTY INTERNATIONAL,76,61,69,0,13.7
15,US34,NEWARK LIBERTY INTERNATIONAL,80,58,69,0,6.1
16,US34,NEWARK LIBERTY INTERNATIONAL,80,59,70,0,4.1
17,US34,NEWARK LIBERTY INTERNATIONAL,83,62,73,0,4.8
18,US34,NEWARK LIBERTY INTERNATIONAL,77,66,72,0.01,4.9
19,US34,NEWARK LIBERTY INTERNATIONAL,79,64,72,0.01,7.4
20,US34,NEWARK LIBERTY INTERNATIONAL,90,64,77,0,5.7
21,US34,NEWARK LIBERTY INTERNATIONAL,91,68,80,0,5.5
22,US34,NEWARK LIBERTY INTERNATIONAL,79,71,75,0.4,7
23,US34,NEWARK LIBERTY INTERNATIONAL,83,69,76,0,10.2
24,US34,NEWARK LIBERTY INTERNATIONAL,80,62,71,0,8.9
25,US34,NEWARK LIBERTY INTERNATIONAL,84,60,72,0,7.2
26,US34,NEWARK LIBERTY INTERNATIONAL,86,67,77,0.01,12.3
27,US34,NEWARK LIBERTY INTERNATIONAL,90,72,81,0.02,9.3
28,US34,NEWARK LIBERTY INTERNATIONAL,86,71,79,1.34,3.4
29,US34,NEWARK LIBERTY INTERNATIONAL,81,71,76,0.01,6.4
30,US34,NEWARK LIBERTY INTERNATIONAL,86,70,78,0,10.3
31,US34,NEWARK LIBERTY INTERNATIONAL,88,72,80,0,10.2
1,US35,ALBUQUERQUE INTL SUNPORT AIRPORT,85,69,77,0.06,8.5
2,US35,ALBUQUERQUE INTL SUNPORT AIRPORT,91,66,79,0.03,6.1
3,US35,ALBUQUERQUE INTL SUNPORT AIRPORT,91,64,78,0,3.9
4,US35,ALBUQUERQUE INTL SUNPORT AIRPORT,92,67,80,0.09,10.1
5,US35,ALBUQUERQUE INTL SUNPORT AIRPORT,91,63,77,0.01,4.1
6,US35,ALBUQUERQUE INTL SUNPORT AIRPORT,88,69,79,0,6.3
7,US35,ALBUQUERQUE INTL SUNPORT AIRPORT,83,63,73,0,7.2
8,US35,ALBUQUERQUE INTL SUNPORT AIRPORT,88,64,76,0.01,8
9,US35,ALBUQUERQUE INTL SUNPORT AIRPORT,87,66,77,0.01,9.2
10,US35,ALBUQUERQUE INTL SUNPORT AIRPORT,84,63,74,0.04,10
11,US35,ALBUQUERQUE INTL SUNPORT AIRPORT,83,60,72,0.01,5
12,US35,ALBUQUERQUE INTL SUNPORT AIRPORT,83,64,74,0.01,6.8
13,US35,ALBUQUERQUE INTL SUNPORT AIRPORT,86,66,76,0.01,5.6
14,US35,ALBUQUERQUE INTL SUNPORT AIRPORT,90,65,78,0.01,7.9
15,US35,ALBUQUERQUE INTL SUNPORT AIRPORT,92,65,79,0,5.6
16,US35,ALBUQUERQUE INTL SUNPORT AIRPORT,96,64,80,0,5.8
17,US35,ALBUQUERQUE INTL SUNPORT AIRPORT,95,74,85,0.01,8.2
18,US35,ALBUQUERQUE INTL SUNPORT AIRPORT,93,69,81,0.04,5.7
19,US35,ALBUQUERQUE INTL SUNPORT AIRPORT,94,68,81,0.01,7.2
20,US35,ALBUQUERQUE INTL SUNPORT AIRPORT,90,65,78,0.01,4.5
21,US35,ALBUQUERQUE INTL SUNPORT AIRPORT,89,66,78,0.01,5.9
22,US35,ALBUQUERQUE INTL SUNPORT AIRPORT,90,67,79,0,5.8
23,US35,ALBUQUERQUE INTL SUNPORT AIRPORT,88,67,78,0.01,7.9
24,US35,ALBUQUERQUE INTL SUNPORT AIRPORT,85,70,78,0.1,6.3
25,US35,ALBUQUERQUE INTL SUNPORT AIRPORT,85,68,77,0.05,6.2
26,US35,ALBUQUERQUE INTL SUNPORT AIRPORT,87,67,77,0,6.4
27,US35,ALBUQUERQUE INTL SUNPORT AIRPORT,87,67,77,0,5.6
28,US35,ALBUQUERQUE INTL SUNPORT AIRPORT,87,65,76,0,7.5
29,US35,ALBUQUERQUE INTL SUNPORT AIRPORT,85,70,78,0,8.1
30,US35,ALBUQUERQUE INTL SUNPORT AIRPORT,91,67,79,0,5.7
31,US35,ALBUQUERQUE INTL SUNPORT AIRPORT,94,68,81,0,4.5
1,US36,JOHN F KENNEDY INTERNATIONAL AIRPORT,77,68,73,0.65,10.1
2,US36,JOHN F KENNEDY INTERNATIONAL AIRPORT,85,68,77,0,10.2
3,US36,JOHN F KENNEDY INTERNATIONAL AIRPORT,78,70,74,0.01,11.2
4,US36,JOHN F KENNEDY INTERNATIONAL AIRPORT,83,67,75,0,10.9
5,US36,JOHN F KENNEDY INTERNATIONAL AIRPORT,80,64,72,0,10.5
6,US36,JOHN F KENNEDY INTERNATIONAL AIRPORT,80,64,72,0,8.7
7,US36,JOHN F KENNEDY INTERNATIONAL AIRPORT,80,70,75,0.01,10.9
8,US36,JOHN F KENNEDY INTERNATIONAL AIRPORT,81,70,76,0.72,13.7
9,US36,JOHN F KENNEDY INTERNATIONAL AIRPORT,82,74,78,0.01,13.3
10,US36,JOHN F KENNEDY INTERNATIONAL AIRPORT,85,71,78,0,10.2
11,US36,JOHN F KENNEDY INTERNATIONAL AIRPORT,81,66,74,0,8.2
12,US36,JOHN F KENNEDY INTERNATIONAL AIRPORT,80,69,75,0.48,5.1
13,US36,JOHN F KENNEDY INTERNATIONAL AIRPORT,76,69,73,0.74,6.4
14,US36,JOHN F KENNEDY INTERNATIONAL AIRPORT,77,61,69,0,16.5
15,US36,JOHN F KENNEDY INTERNATIONAL AIRPORT,77,60,69,0,10
16,US36,JOHN F KENNEDY INTERNATIONAL AIRPORT,79,63,71,0,6.4
17,US36,JOHN F KENNEDY INTERNATIONAL AIRPORT,81,62,72,0,5.6
18,US36,JOHN F KENNEDY INTERNATIONAL AIRPORT,78,66,72,0.01,4.4
19,US36,JOHN F KENNEDY INTERNATIONAL AIRPORT,78,65,72,0.01,11.2
20,US36,JOHN F KENNEDY INTERNATIONAL AIRPORT,85,68,77,0,8
21,US36,JOHN F KENNEDY INTERNATIONAL AIRPORT,88,69,79,0,8.8
22,US36,JOHN F KENNEDY INTERNATIONAL AIRPORT,80,72,76,0.08,7.7
23,US36,JOHN F KENNEDY INTERNATIONAL AIRPORT,84,69,77,0,11.9
24,US36,JOHN F KENNEDY INTERNATIONAL AIRPORT,79,64,72,0,9.1
25,US36,JOHN F KENNEDY INTERNATIONAL AIRPORT,81,63,72,0,11.2
26,US36,JOHN F KENNEDY INTERNATIONAL AIRPORT,84,68,76,0.02,13.1
27,US36,JOHN F KENNEDY INTERNATIONAL AIRPORT,88,72,80,0.03,11.5
28,US36,JOHN F KENNEDY INTERNATIONAL AIRPORT,85,69,77,0.01,4.6
29,US36,JOHN F KENNEDY INTERNATIONAL AIRPORT,82,70,76,0.01,8.9
30,US36,JOHN F KENNEDY INTERNATIONAL AIRPORT,83,69,76,0,10.7
31,US36,JOHN F KENNEDY INTERNATIONAL AIRPORT,83,72,78,0,11.2
1,US37,CHARLOTTE/DOUGLAS INTERNATIONAL,85,71,78,0.06,3.6
2,US37,CHARLOTTE/DOUGLAS INTERNATIONAL,89,69,79,0,3.2
3,US37,CHARLOTTE/DOUGLAS INTERNATIONAL,88,72,80,0,4.8
4,US37,CHARLOTTE/DOUGLAS INTERNATIONAL,87,68,78,0,5
5,US37,CHARLOTTE/DOUGLAS INTERNATIONAL,85,68,77,0.01,7.2
6,US37,CHARLOTTE/DOUGLAS INTERNATIONAL,76,67,72,0.5,8.8
7,US37,CHARLOTTE/DOUGLAS INTERNATIONAL,85,70,78,0.01,7.2
8,US37,CHARLOTTE/DOUGLAS INTERNATIONAL,86,73,80,0.01,5.7
9,US37,CHARLOTTE/DOUGLAS INTERNATIONAL,90,73,82,0,6.2
10,US37,CHARLOTTE/DOUGLAS INTERNATIONAL,92,72,82,0.01,5.9
11,US37,CHARLOTTE/DOUGLAS INTERNATIONAL,92,71,82,0,3.6
12,US37,CHARLOTTE/DOUGLAS INTERNATIONAL,92,69,81,0.01,2.3
13,US37,CHARLOTTE/DOUGLAS INTERNATIONAL,89,71,80,0.01,6.4
14,US37,CHARLOTTE/DOUGLAS INTERNATIONAL,80,69,75,0,7.7
15,US37,CHARLOTTE/DOUGLAS INTERNATIONAL,76,63,70,0,8.4
16,US37,CHARLOTTE/DOUGLAS INTERNATIONAL,72,61,67,0.04,7
17,US37,CHARLOTTE/DOUGLAS INTERNATIONAL,66,62,64,0.61,6.5
18,US37,CHARLOTTE/DOUGLAS INTERNATIONAL,83,65,74,0.02,2.6
19,US37,CHARLOTTE/DOUGLAS INTERNATIONAL,79,66,73,0.37,4.4
20,US37,CHARLOTTE/DOUGLAS INTERNATIONAL,82,66,74,0.01,0.9
21,US37,CHARLOTTE/DOUGLAS INTERNATIONAL,85,69,77,0.01,3.2
22,US37,CHARLOTTE/DOUGLAS INTERNATIONAL,90,68,79,0.02,2.5
23,US37,CHARLOTTE/DOUGLAS INTERNATIONAL,89,67,78,0.01,2.9
24,US37,CHARLOTTE/DOUGLAS INTERNATIONAL,83,65,74,0,8.8
25,US37,CHARLOTTE/DOUGLAS INTERNATIONAL,82,59,71,0,6.5
26,US37,CHARLOTTE/DOUGLAS INTERNATIONAL,84,56,70,0,3
27,US37,CHARLOTTE/DOUGLAS INTERNATIONAL,89,63,76,0,3.1
28,US37,CHARLOTTE/DOUGLAS INTERNATIONAL,89,66,78,0,2.4
29,US37,CHARLOTTE/DOUGLAS INTERNATIONAL,93,73,83,0,5.9
30,US37,CHARLOTTE/DOUGLAS INTERNATIONAL,88,70,79,0,6
31,US37,CHARLOTTE/DOUGLAS INTERNATIONAL,90,68,79,0.18,3.5
1,US38,HECTOR INTERNATIONAL AIRPORT,83,54,69,0,6.6
2,US38,HECTOR INTERNATIONAL AIRPORT,78,51,65,0,6.8
3,US38,HECTOR INTERNATIONAL AIRPORT,78,53,66,0,6.5
4,US38,HECTOR INTERNATIONAL AIRPORT,77,50,64,0,8.9
5,US38,HECTOR INTERNATIONAL AIRPORT,73,56,65,0,7.5
6,US38,HECTOR INTERNATIONAL AIRPORT,79,53,66,0.24,7.7
7,US38,HECTOR INTERNATIONAL AIRPORT,75,50,63,0.01,3.7
8,US38,HECTOR INTERNATIONAL AIRPORT,77,54,66,0.01,5.7
9,US38,HECTOR INTERNATIONAL AIRPORT,71,48,60,0,8.7
10,US38,HECTOR INTERNATIONAL AIRPORT,75,49,62,0,2.8
11,US38,HECTOR INTERNATIONAL AIRPORT,78,54,66,0.01,4.9
12,US38,HECTOR INTERNATIONAL AIRPORT,81,50,66,0,8.5
13,US38,HECTOR INTERNATIONAL AIRPORT,78,45,62,0,4
14,US38,HECTOR INTERNATIONAL AIRPORT,78,45,62,0,2.7
15,US38,HECTOR INTERNATIONAL AIRPORT,81,60,71,0,6.8
16,US38,HECTOR INTERNATIONAL AIRPORT,81,60,71,0,10.8
17,US38,HECTOR INTERNATIONAL AIRPORT,84,60,72,0,13
18,US38,HECTOR INTERNATIONAL AIRPORT,86,65,76,0,14.1
19,US38,HECTOR INTERNATIONAL AIRPORT,90,67,79,0,8.2
20,US38,HECTOR INTERNATIONAL AIRPORT,96,70,83,0,12.4
21,US38,HECTOR INTERNATIONAL AIRPORT,85,61,73,0,10.4
22,US38,HECTOR INTERNATIONAL AIRPORT,82,58,70,0,5.5
23,US38,HECTOR INTERNATIONAL AIRPORT,87,52,70,0,10.6
24,US38,HECTOR INTERNATIONAL AIRPORT,95,74,85,0,15.8
25,US38,HECTOR INTERNATIONAL AIRPORT,95,69,82,0.05,5.9
26,US38,HECTOR INTERNATIONAL AIRPORT,93,69,81,0.01,5.7
27,US38,HECTOR INTERNATIONAL AIRPORT,94,64,79,0,4.2
28,US38,HECTOR INTERNATIONAL AIRPORT,91,74,83,0,6.1
29,US38,HECTOR INTERNATIONAL AIRPORT,91,69,80,0.09,9.7
30,US38,HECTOR INTERNATIONAL AIRPORT,88,64,76,0,4.8
31,US38,HECTOR INTERNATIONAL AIRPORT,88,61,75,0.01,10.4
1,US39,CLEVELAND-HOPKINS INTERNATIONAL,80,63,72,0.06,9.2
2,US39,CLEVELAND-HOPKINS INTERNATIONAL,75,59,67,0.27,9.5
3,US39,CLEVELAND-HOPKINS INTERNATIONAL,78,62,70,0,5.6
4,US39,CLEVELAND-HOPKINS INTERNATIONAL,73,62,68,0.16,9.1
5,US39,CLEVELAND-HOPKINS INTERNATIONAL,74,58,66,0,3.6
6,US39,CLEVELAND-HOPKINS INTERNATIONAL,81,61,71,0.01,7.4
7,US39,CLEVELAND-HOPKINS INTERNATIONAL,80,66,73,0.23,8.7
8,US39,CLEVELAND-HOPKINS INTERNATIONAL,80,70,75,0.03,7.1
9,US39,CLEVELAND-HOPKINS INTERNATIONAL,77,64,71,0.68,6.1
10,US39,CLEVELAND-HOPKINS INTERNATIONAL,77,61,69,0.01,7.1
11,US39,CLEVELAND-HOPKINS INTERNATIONAL,82,63,73,0,4.9
12,US39,CLEVELAND-HOPKINS INTERNATIONAL,82,63,73,0,6.5
13,US39,CLEVELAND-HOPKINS INTERNATIONAL,72,62,67,0.04,11.4
14,US39,CLEVELAND-HOPKINS INTERNATIONAL,70,55,63,0,9.8
15,US39,CLEVELAND-HOPKINS INTERNATIONAL,74,51,63,0,5.1
16,US39,CLEVELAND-HOPKINS INTERNATIONAL,77,53,65,0,3.5
17,US39,CLEVELAND-HOPKINS INTERNATIONAL,80,54,67,0,4.8
18,US39,CLEVELAND-HOPKINS INTERNATIONAL,79,57,68,0,3.7
19,US39,CLEVELAND-HOPKINS INTERNATIONAL,81,61,71,0,4.7
20,US39,CLEVELAND-HOPKINS INTERNATIONAL,85,61,73,0,4.7
21,US39,CLEVELAND-HOPKINS INTERNATIONAL,87,62,75,0,6.1
22,US39,CLEVELAND-HOPKINS INTERNATIONAL,85,68,77,0.21,8.1
23,US39,CLEVELAND-HOPKINS INTERNATIONAL,81,60,71,0.01,9.2
24,US39,CLEVELAND-HOPKINS INTERNATIONAL,81,56,69,0,5.8
25,US39,CLEVELAND-HOPKINS INTERNATIONAL,85,55,70,0,7.7
26,US39,CLEVELAND-HOPKINS INTERNATIONAL,87,68,78,0,10.4
27,US39,CLEVELAND-HOPKINS INTERNATIONAL,82,72,77,0.93,7.3
28,US39,CLEVELAND-HOPKINS INTERNATIONAL,78,73,76,0.19,9.3
29,US39,CLEVELAND-HOPKINS INTERNATIONAL,83,68,76,0,6.5
30,US39,CLEVELAND-HOPKINS INTERNATIONAL,88,66,77,0,7.2
31,US39,CLEVELAND-HOPKINS INTERNATIONAL,85,70,78,0.01,7
1,US40,WILL ROGERS WORLD AIRPORT,92,75,84,0,7.1
2,US40,WILL ROGERS WORLD AIRPORT,98,76,87,0,11.1
3,US40,WILL ROGERS WORLD AIRPORT,96,76,86,0,10.4
4,US40,WILL ROGERS WORLD AIRPORT,95,77,86,0,9.4
5,US40,WILL ROGERS WORLD AIRPORT,98,74,86,0,9.3
6,US40,WILL ROGERS WORLD AIRPORT,99,78,89,0,9.9
7,US40,WILL ROGERS WORLD AIRPORT,95,74,85,0,6.7
8,US40,WILL ROGERS WORLD AIRPORT,90,71,81,1.78,8.6
9,US40,WILL ROGERS WORLD AIRPORT,88,71,80,0.3,8
10,US40,WILL ROGERS WORLD AIRPORT,86,69,78,0,8.5
11,US40,WILL ROGERS WORLD AIRPORT,93,69,81,0.01,2.5
12,US40,WILL ROGERS WORLD AIRPORT,92,74,83,0.04,4.8
13,US40,WILL ROGERS WORLD AIRPORT,86,71,79,0.71,7.2
14,US40,WILL ROGERS WORLD AIRPORT,86,69,78,0,7.4
15,US40,WILL ROGERS WORLD AIRPORT,85,65,75,0.31,7.7
16,US40,WILL ROGERS WORLD AIRPORT,83,64,74,0.36,5.2
17,US40,WILL ROGERS WORLD AIRPORT,84,64,74,0,5.9
18,US40,WILL ROGERS WORLD AIRPORT,85,65,75,0,6.4
19,US40,WILL ROGERS WORLD AIRPORT,89,68,79,0,9.4
20,US40,WILL ROGERS WORLD AIRPORT,93,66,80,0,9
21,US40,WILL ROGERS WORLD AIRPORT,93,67,80,0,7.9
22,US40,WILL ROGERS WORLD AIRPORT,93,68,81,0,7.2
23,US40,WILL ROGERS WORLD AIRPORT,96,71,84,0,7.4
24,US40,WILL ROGERS WORLD AIRPORT,95,73,84,0,8.7
25,US40,WILL ROGERS WORLD AIRPORT,94,73,84,0,9.3
26,US40,WILL ROGERS WORLD AIRPORT,93,71,82,0,7.8
27,US40,WILL ROGERS WORLD AIRPORT,88,68,78,0,6.9
28,US40,WILL ROGERS WORLD AIRPORT,94,70,82,0,8.2
29,US40,WILL ROGERS WORLD AIRPORT,98,71,85,0,6.9
30,US40,WILL ROGERS WORLD AIRPORT,100,72,86,0,7.7
31,US40,WILL ROGERS WORLD AIRPORT,103,71,87,0,7
1,US41,PORTLAND INTERNATIONAL AIRPORT,66,58,62,0.06,1.8
2,US41,PORTLAND INTERNATIONAL AIRPORT,72,59,66,0,4.1
3,US41,PORTLAND INTERNATIONAL AIRPORT,82,60,71,0,5.9
4,US41,PORTLAND INTERNATIONAL AIRPORT,89,61,75,0,6.1
5,US41,PORTLAND INTERNATIONAL AIRPORT,89,61,75,0,5.4
6,US41,PORTLAND INTERNATIONAL AIRPORT,91,58,75,0,5.5
7,US41,PORTLAND INTERNATIONAL AIRPORT,87,60,74,0,3.9
8,US41,PORTLAND INTERNATIONAL AIRPORT,83,61,72,0,4
9,US41,PORTLAND INTERNATIONAL AIRPORT,79,59,69,0.01,5.4
10,US41,PORTLAND INTERNATIONAL AIRPORT,79,60,70,0.01,4.5
11,US41,PORTLAND INTERNATIONAL AIRPORT,75,62,69,0,3.9
12,US41,PORTLAND INTERNATIONAL AIRPORT,79,61,70,0,4.2
13,US41,PORTLAND INTERNATIONAL AIRPORT,85,58,72,0,4
14,US41,PORTLAND INTERNATIONAL AIRPORT,85,60,73,0.01,4
15,US41,PORTLAND INTERNATIONAL AIRPORT,79,66,73,0.01,5.5
16,US41,PORTLAND INTERNATIONAL AIRPORT,85,65,75,0,3.5
17,US41,PORTLAND INTERNATIONAL AIRPORT,83,61,72,0,5.4
18,US41,PORTLAND INTERNATIONAL AIRPORT,83,63,73,0,6
19,US41,PORTLAND INTERNATIONAL AIRPORT,83,60,72,0,7.9
20,US41,PORTLAND INTERNATIONAL AIRPORT,83,57,70,0,8.2
21,US41,PORTLAND INTERNATIONAL AIRPORT,90,59,75,0,5.2
22,US41,PORTLAND INTERNATIONAL AIRPORT,82,60,71,0.01,3
23,US41,PORTLAND INTERNATIONAL AIRPORT,76,62,69,0.01,4.2
24,US41,PORTLAND INTERNATIONAL AIRPORT,78,63,71,0,5.8
25,US41,PORTLAND INTERNATIONAL AIRPORT,71,59,65,0.08,3.3
26,US41,PORTLAND INTERNATIONAL AIRPORT,80,61,71,0.21,7.9
27,US41,PORTLAND INTERNATIONAL AIRPORT,81,62,72,0.01,5
28,US41,PORTLAND INTERNATIONAL AIRPORT,81,63,72,0.05,3.7
29,US41,PORTLAND INTERNATIONAL AIRPORT,80,65,73,0.37,7.6
30,US41,PORTLAND INTERNATIONAL AIRPORT,82,65,74,0,5.3
31,US41,PORTLAND INTERNATIONAL AIRPORT,89,59,74,0,3.5
1,US42,PHILADELPHIA INTERNATIONAL AIRPORT,74,68,71,1.33,6.5
2,US42,PHILADELPHIA INTERNATIONAL AIRPORT,86,68,77,0,7.6
3,US42,PHILADELPHIA INTERNATIONAL AIRPORT,79,68,74,0.01,9
4,US42,PHILADELPHIA INTERNATIONAL AIRPORT,80,66,73,0,8.4
5,US42,PHILADELPHIA INTERNATIONAL AIRPORT,78,62,70,0,6.6
6,US42,PHILADELPHIA INTERNATIONAL AIRPORT,78,63,71,0.01,5.5
7,US42,PHILADELPHIA INTERNATIONAL AIRPORT,76,68,72,0.06,6.9
8,US42,PHILADELPHIA INTERNATIONAL AIRPORT,87,71,79,0.35,9
9,US42,PHILADELPHIA INTERNATIONAL AIRPORT,88,76,82,0.01,11.3
10,US42,PHILADELPHIA INTERNATIONAL AIRPORT,84,73,79,0,7.5
11,US42,PHILADELPHIA INTERNATIONAL AIRPORT,85,66,76,0,5.9
12,US42,PHILADELPHIA INTERNATIONAL AIRPORT,86,72,79,0,3.4
13,US42,PHILADELPHIA INTERNATIONAL AIRPORT,83,68,76,2.02,6.9
14,US42,PHILADELPHIA INTERNATIONAL AIRPORT,76,63,70,0,12.5
15,US42,PHILADELPHIA INTERNATIONAL AIRPORT,78,58,68,0,5.6
16,US42,PHILADELPHIA INTERNATIONAL AIRPORT,81,60,71,0,2.8
17,US42,PHILADELPHIA INTERNATIONAL AIRPORT,82,63,73,0,3.6
18,US42,PHILADELPHIA INTERNATIONAL AIRPORT,77,66,72,0.03,5.3
19,US42,PHILADELPHIA INTERNATIONAL AIRPORT,77,65,71,0,6.4
20,US42,PHILADELPHIA INTERNATIONAL AIRPORT,87,66,77,0,5.6
21,US42,PHILADELPHIA INTERNATIONAL AIRPORT,89,70,80,0,5.4
22,US42,PHILADELPHIA INTERNATIONAL AIRPORT,85,70,78,1.08,7.5
23,US42,PHILADELPHIA INTERNATIONAL AIRPORT,77,68,73,0.01,7.8
24,US42,PHILADELPHIA INTERNATIONAL AIRPORT,82,65,74,0,7
25,US42,PHILADELPHIA INTERNATIONAL AIRPORT,81,61,71,0,5.2
26,US42,PHILADELPHIA INTERNATIONAL AIRPORT,86,65,76,0.01,10.9
27,US42,PHILADELPHIA INTERNATIONAL AIRPORT,89,73,81,0,8.3
28,US42,PHILADELPHIA INTERNATIONAL AIRPORT,76,72,74,1.04,3.2
29,US42,PHILADELPHIA INTERNATIONAL AIRPORT,83,71,77,0.01,7.4
30,US42,PHILADELPHIA INTERNATIONAL AIRPORT,83,69,76,0.01,7.7
31,US42,PHILADELPHIA INTERNATIONAL AIRPORT,88,72,80,0,8.7
1,US44,THEODORE F GREEN STATE AIRPORT,80,63,72,0.03,6.2
2,US44,THEODORE F GREEN STATE AIRPORT,84,66,75,0.2,5.9
3,US44,THEODORE F GREEN STATE AIRPORT,78,65,72,0.01,8.8
4,US44,THEODORE F GREEN STATE AIRPORT,81,57,69,0.02,7.4
5,US44,THEODORE F GREEN STATE AIRPORT,78,57,68,0,6.9
6,US44,THEODORE F GREEN STATE AIRPORT,80,54,67,0,5.2
7,US44,THEODORE F GREEN STATE AIRPORT,78,56,67,0,6.7
8,US44,THEODORE F GREEN STATE AIRPORT,81,67,74,0.01,9.8
9,US44,THEODORE F GREEN STATE AIRPORT,76,72,74,1.74,11.2
10,US44,THEODORE F GREEN STATE AIRPORT,84,64,74,0,8.6
11,US44,THEODORE F GREEN STATE AIRPORT,80,57,69,0,6.1
12,US44,THEODORE F GREEN STATE AIRPORT,81,64,73,0,4.5
13,US44,THEODORE F GREEN STATE AIRPORT,73,64,69,0.04,3.5
14,US44,THEODORE F GREEN STATE AIRPORT,74,60,67,0,10.2
15,US44,THEODORE F GREEN STATE AIRPORT,77,56,67,0,7.2
16,US44,THEODORE F GREEN STATE AIRPORT,79,55,67,0,5.9
17,US44,THEODORE F GREEN STATE AIRPORT,82,59,71,0,3.2
18,US44,THEODORE F GREEN STATE AIRPORT,79,60,70,0.01,3.5
19,US44,THEODORE F GREEN STATE AIRPORT,82,59,71,0,8.5
20,US44,THEODORE F GREEN STATE AIRPORT,86,64,75,0,5
21,US44,THEODORE F GREEN STATE AIRPORT,89,66,78,0,5.9
22,US44,THEODORE F GREEN STATE AIRPORT,84,67,76,0.63,6.7
23,US44,THEODORE F GREEN STATE AIRPORT,80,65,73,0,7
24,US44,THEODORE F GREEN STATE AIRPORT,77,57,67,0,8.1
25,US44,THEODORE F GREEN STATE AIRPORT,82,55,69,0,5.2
26,US44,THEODORE F GREEN STATE AIRPORT,81,66,74,0.32,9.8
27,US44,THEODORE F GREEN STATE AIRPORT,81,67,74,0.88,4.3
28,US44,THEODORE F GREEN STATE AIRPORT,84,63,74,0,4.2
29,US44,THEODORE F GREEN STATE AIRPORT,70,61,66,0.01,10.5
30,US44,THEODORE F GREEN STATE AIRPORT,80,60,70,0,7.1
31,US44,THEODORE F GREEN STATE AIRPORT,80,70,75,0,8.3
1,US45,CHARLESTON AFB/INTERNATIONAL AIRPORT,86,74,80,0.01,5.7
2,US45,CHARLESTON AFB/INTERNATIONAL AIRPORT,90,75,83,0.01,6.9
3,US45,CHARLESTON AFB/INTERNATIONAL AIRPORT,92,76,84,0,4.7
4,US45,CHARLESTON AFB/INTERNATIONAL AIRPORT,94,77,86,0,6.4
5,US45,CHARLESTON AFB/INTERNATIONAL AIRPORT,87,76,82,0,8.8
6,US45,CHARLESTON AFB/INTERNATIONAL AIRPORT,88,73,81,0,7
7,US45,CHARLESTON AFB/INTERNATIONAL AIRPORT,89,73,81,0,6.2
8,US45,CHARLESTON AFB/INTERNATIONAL AIRPORT,91,73,82,0.01,3.8
9,US45,CHARLESTON AFB/INTERNATIONAL AIRPORT,92,77,85,0.01,6.4
10,US45,CHARLESTON AFB/INTERNATIONAL AIRPORT,93,75,84,0,6.2
11,US45,CHARLESTON AFB/INTERNATIONAL AIRPORT,96,78,87,0,8
12,US45,CHARLESTON AFB/INTERNATIONAL AIRPORT,97,78,88,0,7.6
13,US45,CHARLESTON AFB/INTERNATIONAL AIRPORT,96,77,87,0.03,9.3
14,US45,CHARLESTON AFB/INTERNATIONAL AIRPORT,90,75,83,1.73,6.8
15,US45,CHARLESTON AFB/INTERNATIONAL AIRPORT,75,65,70,1.08,8.3
16,US45,CHARLESTON AFB/INTERNATIONAL AIRPORT,81,68,75,0.03,8.1
17,US45,CHARLESTON AFB/INTERNATIONAL AIRPORT,80,71,76,0.01,4.5
18,US45,CHARLESTON AFB/INTERNATIONAL AIRPORT,90,72,81,0.13,3.9
19,US45,CHARLESTON AFB/INTERNATIONAL AIRPORT,89,75,82,0.43,2.7
20,US45,CHARLESTON AFB/INTERNATIONAL AIRPORT,89,74,82,0.17,3.5
21,US45,CHARLESTON AFB/INTERNATIONAL AIRPORT,90,74,82,0.34,3.3
22,US45,CHARLESTON AFB/INTERNATIONAL AIRPORT,90,75,83,0.01,3.8
23,US45,CHARLESTON AFB/INTERNATIONAL AIRPORT,92,74,83,0,5.2
24,US45,CHARLESTON AFB/INTERNATIONAL AIRPORT,85,72,79,0.01,7.2
25,US45,CHARLESTON AFB/INTERNATIONAL AIRPORT,86,68,77,0,9.3
26,US45,CHARLESTON AFB/INTERNATIONAL AIRPORT,86,68,77,0,6.5
27,US45,CHARLESTON AFB/INTERNATIONAL AIRPORT,87,67,77,0,3.4
28,US45,CHARLESTON AFB/INTERNATIONAL AIRPORT,91,72,82,0,6.2
29,US45,CHARLESTON AFB/INTERNATIONAL AIRPORT,95,74,85,0.01,6.2
30,US45,CHARLESTON AFB/INTERNATIONAL AIRPORT,90,75,83,0,7.9
31,US45,CHARLESTON AFB/INTERNATIONAL AIRPORT,92,73,83,0,4.5
1,US46,JOE FOSS FIELD AIRPORT,85,55,70,0.01,4.6
2,US46,JOE FOSS FIELD AIRPORT,71,56,64,0.21,3.6
3,US46,JOE FOSS FIELD AIRPORT,77,49,63,0,3.9
4,US46,JOE FOSS FIELD AIRPORT,76,53,65,0.01,9.2
5,US46,JOE FOSS FIELD AIRPORT,85,60,73,0.01,4.9
6,US46,JOE FOSS FIELD AIRPORT,85,60,73,0.01,5.5
7,US46,JOE FOSS FIELD AIRPORT,80,57,69,0.01,6.4
8,US46,JOE FOSS FIELD AIRPORT,79,61,70,0.3,6.4
9,US46,JOE FOSS FIELD AIRPORT,79,52,66,0,3.1
10,US46,JOE FOSS FIELD AIRPORT,72,55,64,0.9,5.8
11,US46,JOE FOSS FIELD AIRPORT,78,62,70,1,5.1
12,US46,JOE FOSS FIELD AIRPORT,79,57,68,0,3.1
13,US46,JOE FOSS FIELD AIRPORT,76,52,64,0,4.1
14,US46,JOE FOSS FIELD AIRPORT,69,53,61,0,4.9
15,US46,JOE FOSS FIELD AIRPORT,66,57,62,0.01,7.7
16,US46,JOE FOSS FIELD AIRPORT,71,53,62,0.02,7.6
17,US46,JOE FOSS FIELD AIRPORT,79,59,69,0,12.7
18,US46,JOE FOSS FIELD AIRPORT,80,61,71,0,13.3
19,US46,JOE FOSS FIELD AIRPORT,87,65,76,0,10.9
20,US46,JOE FOSS FIELD AIRPORT,90,66,78,0,6.7
21,US46,JOE FOSS FIELD AIRPORT,81,71,76,0.01,5.4
22,US46,JOE FOSS FIELD AIRPORT,82,65,74,0,7.5
23,US46,JOE FOSS FIELD AIRPORT,86,64,75,0,11.5
24,US46,JOE FOSS FIELD AIRPORT,88,72,80,0.2,19.9
25,US46,JOE FOSS FIELD AIRPORT,89,75,82,0,15.3
26,US46,JOE FOSS FIELD AIRPORT,91,75,83,0,14
27,US46,JOE FOSS FIELD AIRPORT,93,74,84,0,4.9
28,US46,JOE FOSS FIELD AIRPORT,92,74,83,0,7.7
29,US46,JOE FOSS FIELD AIRPORT,91,69,80,0,9.6
30,US46,JOE FOSS FIELD AIRPORT,87,67,77,0,5.9
31,US46,JOE FOSS FIELD AIRPORT,89,61,75,0.59,5
1,US47,MEMPHIS INTERNATIONAL AIRPORT,88,74,81,0,7.1
2,US47,MEMPHIS INTERNATIONAL AIRPORT,90,71,81,0,4.9
3,US47,MEMPHIS INTERNATIONAL AIRPORT,85,75,80,0.01,6.2
4,US47,MEMPHIS INTERNATIONAL AIRPORT,90,72,81,0.01,5.8
5,US47,MEMPHIS INTERNATIONAL AIRPORT,83,74,79,0.35,6.3
6,US47,MEMPHIS INTERNATIONAL AIRPORT,88,76,82,0.01,6.6
7,US47,MEMPHIS INTERNATIONAL AIRPORT,93,77,85,0,6.8
8,US47,MEMPHIS INTERNATIONAL AIRPORT,95,79,87,0,6.6
9,US47,MEMPHIS INTERNATIONAL AIRPORT,95,78,87,0,6.6
10,US47,MEMPHIS INTERNATIONAL AIRPORT,90,77,84,0.01,5.6
11,US47,MEMPHIS INTERNATIONAL AIRPORT,90,75,83,1.07,5.3
12,US47,MEMPHIS INTERNATIONAL AIRPORT,92,73,83,0.07,7
13,US47,MEMPHIS INTERNATIONAL AIRPORT,86,72,79,0,5.6
14,US47,MEMPHIS INTERNATIONAL AIRPORT,80,67,74,0,11.8
15,US47,MEMPHIS INTERNATIONAL AIRPORT,81,60,71,0,7.5
16,US47,MEMPHIS INTERNATIONAL AIRPORT,83,63,73,0.01,6.5
17,US47,MEMPHIS INTERNATIONAL AIRPORT,82,68,75,0.01,7
18,US47,MEMPHIS INTERNATIONAL AIRPORT,84,68,76,0,4.8
19,US47,MEMPHIS INTERNATIONAL AIRPORT,88,67,78,0,5
20,US47,MEMPHIS INTERNATIONAL AIRPORT,90,71,81,0.64,4.3
21,US47,MEMPHIS INTERNATIONAL AIRPORT,94,73,84,0,3.8
22,US47,MEMPHIS INTERNATIONAL AIRPORT,93,75,84,0.01,3.3
23,US47,MEMPHIS INTERNATIONAL AIRPORT,93,73,83,0,5.8
24,US47,MEMPHIS INTERNATIONAL AIRPORT,94,76,85,0.01,6.3
25,US47,MEMPHIS INTERNATIONAL AIRPORT,89,76,83,0,6.6
26,US47,MEMPHIS INTERNATIONAL AIRPORT,91,73,82,0,4.8
27,US47,MEMPHIS INTERNATIONAL AIRPORT,91,70,81,0,3.8
28,US47,MEMPHIS INTERNATIONAL AIRPORT,93,71,82,0,3.1
29,US47,MEMPHIS INTERNATIONAL AIRPORT,94,73,84,0,3.3
30,US47,MEMPHIS INTERNATIONAL AIRPORT,97,75,86,0,4.1
31,US47,MEMPHIS INTERNATIONAL AIRPORT,97,77,87,0,6.2
1,US48,DALLAS/FT WORTH INTERNATIONAL,102,80,91,0,7.2
2,US48,DALLAS/FT WORTH INTERNATIONAL,102,81,92,0,12
3,US48,DALLAS/FT WORTH INTERNATIONAL,101,80,91,0,11.5
4,US48,DALLAS/FT WORTH INTERNATIONAL,100,80,90,0,10.2
5,US48,DALLAS/FT WORTH INTERNATIONAL,102,82,92,0,12.2
6,US48,DALLAS/FT WORTH INTERNATIONAL,104,80,92,0,13.4
7,US48,DALLAS/FT WORTH INTERNATIONAL,105,81,93,0,13.8
8,US48,DALLAS/FT WORTH INTERNATIONAL,101,81,91,0,11.1
9,US48,DALLAS/FT WORTH INTERNATIONAL,102,77,90,0.15,9.8
10,US48,DALLAS/FT WORTH INTERNATIONAL,98,77,88,0,9.4
11,US48,DALLAS/FT WORTH INTERNATIONAL,101,76,89,0.01,6.1
12,US48,DALLAS/FT WORTH INTERNATIONAL,100,78,89,0,8
13,US48,DALLAS/FT WORTH INTERNATIONAL,99,74,87,0.74,9.5
14,US48,DALLAS/FT WORTH INTERNATIONAL,91,75,83,0.18,7.4
15,US48,DALLAS/FT WORTH INTERNATIONAL,89,73,81,0,8
16,US48,DALLAS/FT WORTH INTERNATIONAL,90,68,79,0.11,9.1
17,US48,DALLAS/FT WORTH INTERNATIONAL,90,64,77,0,7
18,US48,DALLAS/FT WORTH INTERNATIONAL,90,68,79,0,4.8
19,US48,DALLAS/FT WORTH INTERNATIONAL,94,73,84,0,6.3
20,US48,DALLAS/FT WORTH INTERNATIONAL,96,71,84,0,6.1
21,US48,DALLAS/FT WORTH INTERNATIONAL,95,73,84,0,7
22,US48,DALLAS/FT WORTH INTERNATIONAL,98,77,88,0,7.1
23,US48,DALLAS/FT WORTH INTERNATIONAL,100,78,89,0.14,6.9
24,US48,DALLAS/FT WORTH INTERNATIONAL,100,77,89,0,7
25,US48,DALLAS/FT WORTH INTERNATIONAL,98,77,88,0,9.4
26,US48,DALLAS/FT WORTH INTERNATIONAL,98,75,87,0,11.2
27,US48,DALLAS/FT WORTH INTERNATIONAL,94,74,84,0,11
28,US48,DALLAS/FT WORTH INTERNATIONAL,98,72,85,0,5.6
29,US48,DALLAS/FT WORTH INTERNATIONAL,102,76,89,0,5.2
30,US48,DALLAS/FT WORTH INTERNATIONAL,103,77,90,0,5.3
31,US48,DALLAS/FT WORTH INTERNATIONAL,105,78,92,0,6.6
1,US49,SALT LAKE CITY INTERNATIONAL AIRPORT,101,75,88,0.02,16
2,US49,SALT LAKE CITY INTERNATIONAL AIRPORT,94,65,80,0,5.7
3,US49,SALT LAKE CITY INTERNATIONAL AIRPORT,96,68,82,0,8.5
4,US49,SALT LAKE CITY INTERNATIONAL AIRPORT,99,73,86,0,8.8
5,US49,SALT LAKE CITY INTERNATIONAL AIRPORT,98,74,86,0.01,9
6,US49,SALT LAKE CITY INTERNATIONAL AIRPORT,98,72,85,0,5.4
7,US49,SALT LAKE CITY INTERNATIONAL AIRPORT,96,70,83,0,8.2
8,US49,SALT LAKE CITY INTERNATIONAL AIRPORT,94,72,83,0,11.3
9,US49,SALT LAKE CITY INTERNATIONAL AIRPORT,95,69,82,0.01,11.9
10,US49,SALT LAKE CITY INTERNATIONAL AIRPORT,95,72,84,0,12.9
11,US49,SALT LAKE CITY INTERNATIONAL AIRPORT,95,73,84,0,10.4
12,US49,SALT LAKE CITY INTERNATIONAL AIRPORT,95,73,84,0,10.5
13,US49,SALT LAKE CITY INTERNATIONAL AIRPORT,95,69,82,0,8.1
14,US49,SALT LAKE CITY INTERNATIONAL AIRPORT,99,72,86,0,8.9
15,US49,SALT LAKE CITY INTERNATIONAL AIRPORT,100,69,85,0,8.1
16,US49,SALT LAKE CITY INTERNATIONAL AIRPORT,99,69,84,0,8.3
17,US49,SALT LAKE CITY INTERNATIONAL AIRPORT,97,76,87,0,10.4
18,US49,SALT LAKE CITY INTERNATIONAL AIRPORT,98,72,85,0,7.4
19,US49,SALT LAKE CITY INTERNATIONAL AIRPORT,96,72,84,0,7.6
20,US49,SALT LAKE CITY INTERNATIONAL AIRPORT,95,73,84,0,7.7
21,US49,SALT LAKE CITY INTERNATIONAL AIRPORT,94,71,83,0,6.2
22,US49,SALT LAKE CITY INTERNATIONAL AIRPORT,95,73,84,0.02,7.1
23,US49,SALT LAKE CITY INTERNATIONAL AIRPORT,82,69,76,0.02,14.3
24,US49,SALT LAKE CITY INTERNATIONAL AIRPORT,90,66,78,0.01,12.4
25,US49,SALT LAKE CITY INTERNATIONAL AIRPORT,89,68,79,0,13.9
26,US49,SALT LAKE CITY INTERNATIONAL AIRPORT,84,71,78,0,12.5
27,US49,SALT LAKE CITY INTERNATIONAL AIRPORT,84,67,76,0.05,9.2
28,US49,SALT LAKE CITY INTERNATIONAL AIRPORT,93,67,80,0.03,8.7
29,US49,SALT LAKE CITY INTERNATIONAL AIRPORT,97,71,84,0,5.9
30,US49,SALT LAKE CITY INTERNATIONAL AIRPORT,97,71,84,0,7.3
31,US49,SALT LAKE CITY INTERNATIONAL AIRPORT,93,72,83,0,7
1,US50,BURLINGTON INTERNATIONAL AIRPORT,80,64,72,0.41,9.6
2,US50,BURLINGTON INTERNATIONAL AIRPORT,82,63,73,0.01,6.1
3,US50,BURLINGTON INTERNATIONAL AIRPORT,77,62,70,0.17,7.1
4,US50,BURLINGTON INTERNATIONAL AIRPORT,74,58,66,0.28,8.3
5,US50,BURLINGTON INTERNATIONAL AIRPORT,73,53,63,0.01,7.9
6,US50,BURLINGTON INTERNATIONAL AIRPORT,78,51,65,0,4.7
7,US50,BURLINGTON INTERNATIONAL AIRPORT,82,56,69,0.01,9.3
8,US50,BURLINGTON INTERNATIONAL AIRPORT,85,70,78,0.04,10.1
9,US50,BURLINGTON INTERNATIONAL AIRPORT,78,69,74,0.7,3.2
10,US50,BURLINGTON INTERNATIONAL AIRPORT,76,57,67,0,9.1
11,US50,BURLINGTON INTERNATIONAL AIRPORT,79,54,67,0,3.4
12,US50,BURLINGTON INTERNATIONAL AIRPORT,79,58,69,0,4.3
13,US50,BURLINGTON INTERNATIONAL AIRPORT,76,61,69,0.29,6.9
14,US50,BURLINGTON INTERNATIONAL AIRPORT,68,54,61,0.17,6.9
15,US50,BURLINGTON INTERNATIONAL AIRPORT,77,50,64,0,7
16,US50,BURLINGTON INTERNATIONAL AIRPORT,79,52,66,0.02,4
17,US50,BURLINGTON INTERNATIONAL AIRPORT,77,57,67,0,2.2
18,US50,BURLINGTON INTERNATIONAL AIRPORT,79,55,67,0,3.9
19,US50,BURLINGTON INTERNATIONAL AIRPORT,85,57,71,0,4.4
20,US50,BURLINGTON INTERNATIONAL AIRPORT,86,60,73,0,4
21,US50,BURLINGTON INTERNATIONAL AIRPORT,88,62,75,0,5.6
22,US50,BURLINGTON INTERNATIONAL AIRPORT,87,67,77,0.74,7.4
23,US50,BURLINGTON INTERNATIONAL AIRPORT,73,54,64,0,7.5
24,US50,BURLINGTON INTERNATIONAL AIRPORT,78,49,64,0,2.2
25,US50,BURLINGTON INTERNATIONAL AIRPORT,79,51,65,0.03,4.2
26,US50,BURLINGTON INTERNATIONAL AIRPORT,74,64,69,0.22,6.7
27,US50,BURLINGTON INTERNATIONAL AIRPORT,83,69,76,0.01,2.1
28,US50,BURLINGTON INTERNATIONAL AIRPORT,86,66,76,0,2.8
29,US50,BURLINGTON INTERNATIONAL AIRPORT,82,66,74,0,2.9
30,US50,BURLINGTON INTERNATIONAL AIRPORT,85,64,75,0.01,5.8
31,US50,BURLINGTON INTERNATIONAL AIRPORT,76,70,73,0.01,5.3
1,US51,WASHINGTON DULLES INTERNATIONAL,85,68,77,0.07,4.8
2,US51,WASHINGTON DULLES INTERNATIONAL,86,64,75,0,5.6
3,US51,WASHINGTON DULLES INTERNATIONAL,80,65,73,0.05,2.7
4,US51,WASHINGTON DULLES INTERNATIONAL,82,60,71,0,9.1
5,US51,WASHINGTON DULLES INTERNATIONAL,81,55,68,0,3
6,US51,WASHINGTON DULLES INTERNATIONAL,74,67,71,0.01,5.2
7,US51,WASHINGTON DULLES INTERNATIONAL,85,69,77,0.01,7.7
8,US51,WASHINGTON DULLES INTERNATIONAL,86,73,80,0.25,7.4
9,US51,WASHINGTON DULLES INTERNATIONAL,89,75,82,0,8.7
10,US51,WASHINGTON DULLES INTERNATIONAL,85,69,77,0.01,3.7
11,US51,WASHINGTON DULLES INTERNATIONAL,84,69,77,0.01,5
12,US51,WASHINGTON DULLES INTERNATIONAL,89,68,79,0.02,2.6
13,US51,WASHINGTON DULLES INTERNATIONAL,86,69,78,0.75,6
14,US51,WASHINGTON DULLES INTERNATIONAL,75,56,66,0,12
15,US51,WASHINGTON DULLES INTERNATIONAL,78,53,66,0,4.3
16,US51,WASHINGTON DULLES INTERNATIONAL,78,53,66,0,2.6
17,US51,WASHINGTON DULLES INTERNATIONAL,80,55,68,0,5.1
18,US51,WASHINGTON DULLES INTERNATIONAL,72,61,67,0.06,4
19,US51,WASHINGTON DULLES INTERNATIONAL,75,59,67,0,4.4
20,US51,WASHINGTON DULLES INTERNATIONAL,88,61,75,0,2.4
21,US51,WASHINGTON DULLES INTERNATIONAL,89,66,78,0.1,4.5
22,US51,WASHINGTON DULLES INTERNATIONAL,88,68,78,0,5.7
23,US51,WASHINGTON DULLES INTERNATIONAL,76,60,68,0.41,4.5
24,US51,WASHINGTON DULLES INTERNATIONAL,83,59,71,0,4.8
25,US51,WASHINGTON DULLES INTERNATIONAL,82,57,70,0,3.6
26,US51,WASHINGTON DULLES INTERNATIONAL,87,62,75,0,6.4
27,US51,WASHINGTON DULLES INTERNATIONAL,90,70,80,0.05,6.3
28,US51,WASHINGTON DULLES INTERNATIONAL,79,72,76,0.18,2.7
29,US51,WASHINGTON DULLES INTERNATIONAL,86,71,79,0.01,5.5
30,US51,WASHINGTON DULLES INTERNATIONAL,87,67,77,0,7.6
31,US51,WASHINGTON DULLES INTERNATIONAL,90,70,80,0,7.9
1,US53,SEATTLE-TACOMA INTERNATIONAL AIRPORT,69,56,63,0,8.7
2,US53,SEATTLE-TACOMA INTERNATIONAL AIRPORT,63,59,61,0.08,4.5
3,US53,SEATTLE-TACOMA INTERNATIONAL AIRPORT,77,60,69,0.01,5.3
4,US53,SEATTLE-TACOMA INTERNATIONAL AIRPORT,84,59,72,0,7.7
5,US53,SEATTLE-TACOMA INTERNATIONAL AIRPORT,86,59,73,0,4.6
6,US53,SEATTLE-TACOMA INTERNATIONAL AIRPORT,87,57,72,0,3.2
7,US53,SEATTLE-TACOMA INTERNATIONAL AIRPORT,88,57,73,0,4.3
8,US53,SEATTLE-TACOMA INTERNATIONAL AIRPORT,83,58,71,0,5.5
9,US53,SEATTLE-TACOMA INTERNATIONAL AIRPORT,83,58,71,0.01,4.6
10,US53,SEATTLE-TACOMA INTERNATIONAL AIRPORT,78,59,69,0.09,6.4
11,US53,SEATTLE-TACOMA INTERNATIONAL AIRPORT,77,58,68,0,6.4
12,US53,SEATTLE-TACOMA INTERNATIONAL AIRPORT,78,61,70,0,4.3
13,US53,SEATTLE-TACOMA INTERNATIONAL AIRPORT,82,59,71,0,4
14,US53,SEATTLE-TACOMA INTERNATIONAL AIRPORT,81,59,70,0.03,4.5
15,US53,SEATTLE-TACOMA INTERNATIONAL AIRPORT,70,63,67,0.07,2.2
16,US53,SEATTLE-TACOMA INTERNATIONAL AIRPORT,84,61,73,0,4.9
17,US53,SEATTLE-TACOMA INTERNATIONAL AIRPORT,78,63,71,0,6.6
18,US53,SEATTLE-TACOMA INTERNATIONAL AIRPORT,79,60,70,0,6.9
19,US53,SEATTLE-TACOMA INTERNATIONAL AIRPORT,80,60,70,0,6.8
20,US53,SEATTLE-TACOMA INTERNATIONAL AIRPORT,78,61,70,0,10.2
21,US53,SEATTLE-TACOMA INTERNATIONAL AIRPORT,82,59,71,0,9.7
22,US53,SEATTLE-TACOMA INTERNATIONAL AIRPORT,84,59,72,0,4.2
23,US53,SEATTLE-TACOMA INTERNATIONAL AIRPORT,77,61,69,0.01,9.2
24,US53,SEATTLE-TACOMA INTERNATIONAL AIRPORT,77,62,70,0,6.1
25,US53,SEATTLE-TACOMA INTERNATIONAL AIRPORT,72,61,67,0.01,5.8
26,US53,SEATTLE-TACOMA INTERNATIONAL AIRPORT,76,61,69,0.04,4.3
27,US53,SEATTLE-TACOMA INTERNATIONAL AIRPORT,80,63,72,0.05,3.2
28,US53,SEATTLE-TACOMA INTERNATIONAL AIRPORT,80,60,70,0.22,2.9
29,US53,SEATTLE-TACOMA INTERNATIONAL AIRPORT,75,65,70,0.76,6.8
30,US53,SEATTLE-TACOMA INTERNATIONAL AIRPORT,79,61,70,0,6.4
31,US53,SEATTLE-TACOMA INTERNATIONAL AIRPORT,82,57,70,0,5.7
1,US54,YEAGER AIRPORT,82,65,74,0.06,2.2
2,US54,YEAGER AIRPORT,82,62,72,0,3.4
3,US54,YEAGER AIRPORT,78,65,72,0.06,1
4,US54,YEAGER AIRPORT,80,60,70,0,2.1
5,US54,YEAGER AIRPORT,80,55,68,0,0.8
6,US54,YEAGER AIRPORT,86,62,74,0,1.7
7,US54,YEAGER AIRPORT,87,67,77,0,4.2
8,US54,YEAGER AIRPORT,86,71,79,0.06,4.2
9,US54,YEAGER AIRPORT,85,71,78,0.37,4.9
10,US54,YEAGER AIRPORT,84,70,77,1.13,2
11,US54,YEAGER AIRPORT,86,71,79,0.01,0.9
12,US54,YEAGER AIRPORT,85,70,78,0.01,2.6
13,US54,YEAGER AIRPORT,81,63,72,0.3,6
14,US54,YEAGER AIRPORT,72,53,63,0,2
15,US54,YEAGER AIRPORT,77,50,64,0,2.1
16,US54,YEAGER AIRPORT,81,56,69,0,1.3
17,US54,YEAGER AIRPORT,77,57,67,0.03,3
18,US54,YEAGER AIRPORT,76,64,70,0.28,2.1
19,US54,YEAGER AIRPORT,81,63,72,0,2
20,US54,YEAGER AIRPORT,84,60,72,0,1.4
21,US54,YEAGER AIRPORT,83,63,73,1.19,1.9
22,US54,YEAGER AIRPORT,85,61,73,0.56,2
23,US54,YEAGER AIRPORT,83,66,75,0.05,2.1
24,US54,YEAGER AIRPORT,83,61,72,0,1.6
25,US54,YEAGER AIRPORT,84,61,73,0,1.3
26,US54,YEAGER AIRPORT,86,57,72,0,1.6
27,US54,YEAGER AIRPORT,85,67,76,0,3.2
28,US54,YEAGER AIRPORT,87,73,80,0.02,8.5
29,US54,YEAGER AIRPORT,87,70,79,0,1.8
30,US54,YEAGER AIRPORT,88,67,78,0,2.5
31,US54,YEAGER AIRPORT,83,67,75,0.01,3.8
1,US55,GENERAL MITCHELL INTERNATIONAL,79,63,71,0,8.6
2,US55,GENERAL MITCHELL INTERNATIONAL,82,63,73,0.45,8.1
3,US55,GENERAL MITCHELL INTERNATIONAL,76,60,68,0,6.2
4,US55,GENERAL MITCHELL INTERNATIONAL,71,60,66,0,7
5,US55,GENERAL MITCHELL INTERNATIONAL,75,58,67,0.01,7.3
6,US55,GENERAL MITCHELL INTERNATIONAL,84,64,74,0,8.5
7,US55,GENERAL MITCHELL INTERNATIONAL,81,64,73,0,7.1
8,US55,GENERAL MITCHELL INTERNATIONAL,74,62,68,0,6.4
9,US55,GENERAL MITCHELL INTERNATIONAL,81,59,70,0,6.7
10,US55,GENERAL MITCHELL INTERNATIONAL,74,59,67,0,4.2
11,US55,GENERAL MITCHELL INTERNATIONAL,73,58,66,0.03,3.3
12,US55,GENERAL MITCHELL INTERNATIONAL,77,63,70,1.12,4.9
13,US55,GENERAL MITCHELL INTERNATIONAL,68,54,61,0,8.2
14,US55,GENERAL MITCHELL INTERNATIONAL,68,53,61,0,7.5
15,US55,GENERAL MITCHELL INTERNATIONAL,76,57,67,0,7.6
16,US55,GENERAL MITCHELL INTERNATIONAL,77,61,69,0,4.1
17,US55,GENERAL MITCHELL INTERNATIONAL,77,57,67,0,3.9
18,US55,GENERAL MITCHELL INTERNATIONAL,78,57,68,0,5.2
19,US55,GENERAL MITCHELL INTERNATIONAL,84,63,74,0,6.5
20,US55,GENERAL MITCHELL INTERNATIONAL,86,66,76,0,9
21,US55,GENERAL MITCHELL INTERNATIONAL,89,69,79,0.01,13
22,US55,GENERAL MITCHELL INTERNATIONAL,76,62,69,1.67,6.2
23,US55,GENERAL MITCHELL INTERNATIONAL,76,58,67,0,3.6
24,US55,GENERAL MITCHELL INTERNATIONAL,79,57,68,0,6.6
25,US55,GENERAL MITCHELL INTERNATIONAL,90,68,79,0,12.8
26,US55,GENERAL MITCHELL INTERNATIONAL,90,74,82,0,11.7
27,US55,GENERAL MITCHELL INTERNATIONAL,95,73,84,0,10.3
28,US55,GENERAL MITCHELL INTERNATIONAL,77,69,73,0,8.8
29,US55,GENERAL MITCHELL INTERNATIONAL,84,67,76,0,4.8
30,US55,GENERAL MITCHELL INTERNATIONAL,95,68,82,0.01,9.5
31,US55,GENERAL MITCHELL INTERNATIONAL,75,65,70,0,5.8
1,US56,CHEYENNE AIRPORT,90,56,73,0.01,8.6
2,US56,CHEYENNE AIRPORT,91,55,73,0,10.6
3,US56,CHEYENNE AIRPORT,81,59,70,0.02,12.4
4,US56,CHEYENNE AIRPORT,88,53,71,0.09,8.2
5,US56,CHEYENNE AIRPORT,82,54,68,0.43,9.6
6,US56,CHEYENNE AIRPORT,85,57,71,0.01,7.9
7,US56,CHEYENNE AIRPORT,71,54,63,0,11
8,US56,CHEYENNE AIRPORT,73,54,64,0,7.1
9,US56,CHEYENNE AIRPORT,76,48,62,0,8.2
10,US56,CHEYENNE AIRPORT,84,48,66,0.03,6.2
11,US56,CHEYENNE AIRPORT,78,55,67,0.01,5.8
12,US56,CHEYENNE AIRPORT,80,49,65,0.26,8.4
13,US56,CHEYENNE AIRPORT,77,49,63,0,7
14,US56,CHEYENNE AIRPORT,83,49,66,0.03,6.8
15,US56,CHEYENNE AIRPORT,82,51,67,0,6.7
16,US56,CHEYENNE AIRPORT,88,53,71,0,7.8
17,US56,CHEYENNE AIRPORT,90,57,74,0,8.3
18,US56,CHEYENNE AIRPORT,89,53,71,0.01,7.4
19,US56,CHEYENNE AIRPORT,91,55,73,0,8.3
20,US56,CHEYENNE AIRPORT,94,60,77,0,8.1
21,US56,CHEYENNE AIRPORT,83,58,71,0.03,9.2
22,US56,CHEYENNE AIRPORT,80,55,68,0.01,8.1
23,US56,CHEYENNE AIRPORT,85,56,71,0.01,10.8
24,US56,CHEYENNE AIRPORT,86,56,71,0.01,7.7
25,US56,CHEYENNE AIRPORT,87,59,73,0.01,7.6
26,US56,CHEYENNE AIRPORT,90,58,74,0.17,7.8
27,US56,CHEYENNE AIRPORT,89,59,74,0.02,7.8
28,US56,CHEYENNE AIRPORT,92,61,77,0,6.1
29,US56,CHEYENNE AIRPORT,89,61,75,0.01,7.6
30,US56,CHEYENNE AIRPORT,91,58,75,0.03,6.7
31,US56,CHEYENNE AIRPORT,89,56,73,0.05,7.3
